no.;longitude;latitude
1;36.22915;-65.130005
2;36.50875;-65.129616
3;36.78835;-65.12868
4;37.06792;-65.12719
5;37.347454;-65.12516
6;37.626926;-65.12257
7;37.90634;-65.11943
8;38.185684;-65.115746
9;38.464928;-65.1115
10;38.744083;-65.10672
11;39.023148;-65.10138
12;39.302105;-65.0955
13;39.58091;-65.089066
14;39.859562;-65.082085
15;40.138058;-65.074554
16;40.416397;-65.06649
17;40.694553;-65.05788
18;40.97252;-65.04871
19;41.25029;-65.039
20;41.527847;-65.02874
21;41.805183;-65.01794
22;42.082264;-65.0066
23;42.359104;-64.99472
24;42.635693;-64.982285
25;42.912014;-64.96931
26;43.188053;-64.955795
27;43.463802;-64.94176
28;43.739254;-64.927185
29;44.014385;-64.91207
30;44.289192;-64.89641
31;44.563663;-64.88021
32;44.837803;-64.86348
33;45.111603;-64.84621
34;45.38503;-64.82841
35;45.658047;-64.81008
36;45.93067;-64.79122
37;46.20292;-64.771835
38;46.474773;-64.751915
39;46.74622;-64.73147
40;47.017227;-64.71051
41;47.28782;-64.68903
42;47.557945;-64.66703
43;47.827606;-64.6445
44;48.096783;-64.621445
45;48.36551;-64.59788
46;48.633778;-64.57379
47;48.901554;-64.54919
48;49.168808;-64.52408
49;49.43554;-64.49846
50;49.701763;-64.47232
51;49.967464;-64.44568
52;50.232643;-64.41853
53;50.497265;-64.39088
54;50.76134;-64.36271
55;51.024857;-64.334045
56;51.2878;-64.30487
57;51.550163;-64.2752
58;51.81195;-64.245026
59;52.07314;-64.21437
60;52.33372;-64.18323
61;52.593716;-64.15158
62;52.85311;-64.11944
63;53.111885;-64.0868
64;53.37002;-64.053696
65;53.62752;-64.02011
66;53.88438;-63.986034
67;54.14059;-63.951458
68;54.396145;-63.916397
69;54.651035;-63.880875
70;54.905254;-63.844894
71;55.1588;-63.80844
72;55.411694;-63.771496
73;55.663914;-63.734077
74;55.91544;-63.696194
75;56.16623;-63.65785
76;56.41631;-63.619034
77;56.665707;-63.579765
78;56.914402;-63.54004
79;57.162384;-63.499855
80;57.40965;-63.459213
81;57.656193;-63.418118
82;57.902;-63.376568
83;58.147057;-63.334587
84;58.391357;-63.292164
85;58.63494;-63.24928
86;58.8778;-63.205944
87;59.1199;-63.16217
88;59.361237;-63.117954
89;59.60181;-63.073288
90;59.841625;-63.0282
91;60.08067;-62.982685
92;60.318943;-62.936745
93;60.556442;-62.890377
94;60.793175;-62.84359
95;61.029125;-62.79638
96;61.264282;-62.748737
97;61.49864;-62.700657
98;61.732216;-62.652172
99;61.965027;-62.60329
100;62.19705;-62.553997
101;62.42827;-62.504288
102;62.6587;-62.45417
103;62.888332;-62.40365
104;63.117153;-62.352715
105;63.345173;-62.301373
106;63.572384;-62.249638
107;63.798794;-62.197517
108;64.02441;-62.145004
109;64.24919;-62.092094
110;64.47315;-62.0388
111;64.696304;-61.985115
112;64.91867;-61.931034
113;65.140236;-61.876568
114;65.360985;-61.821724
115;65.580894;-61.7665
116;65.799995;-61.710896
117;66.01827;-61.654922
118;66.23571;-61.59859
119;66.45233;-61.54189
120;66.66817;-61.484802
121;66.88321;-61.42734
122;67.09742;-61.36952
123;67.310776;-61.311344
124;67.5233;-61.25281
125;67.73503;-61.19392
126;67.94597;-61.13466
127;68.15609;-61.075047
128;68.36535;-61.015106
129;68.573746;-60.95483
130;68.78135;-60.8942
131;68.98819;-60.833202
132;69.19422;-60.771854
133;69.399414;-60.710182
134;69.60379;-60.648174
135;69.80734;-60.58583
136;70.01008;-60.523163
137;70.21199;-60.46018
138;70.4131;-60.396854
139;70.61341;-60.333187
140;70.81292;-60.269196
141;71.011604;-60.204884
142;71.20946;-60.140244
143;71.4065;-60.07529
144;71.602776;-60.010025
145;71.798256;-59.94445
146;71.99292;-59.87856
147;72.18678;-59.812347
148;72.37984;-59.745827
149;72.572105;-59.679005
150;72.76359;-59.611877
151;72.95428;-59.54445
152;73.14416;-59.476723
153;73.33326;-59.408688
154;73.521576;-59.34036
155;73.70907;-59.271736
156;73.895775;-59.202812
157;74.08172;-59.13361
158;74.266884;-59.064125
159;74.45126;-58.994358
160;74.63488;-58.9243
161;74.81773;-58.85397
162;74.99981;-58.78335
163;75.1811;-58.712444
164;75.36162;-58.641254
165;75.54138;-58.569794
166;75.72038;-58.49806
167;75.89862;-58.426044
168;76.0761;-58.353775
169;76.252815;-58.281242
170;76.42879;-58.208443
171;76.604034;-58.13538
172;76.77854;-58.06206
173;76.95228;-57.988464
174;77.12525;-57.914593
175;77.29748;-57.840466
176;77.46899;-57.766094
177;77.63978;-57.69147
178;77.80982;-57.616592
179;77.979126;-57.54147
180;78.147705;-57.4661
181;78.31556;-57.390484
182;78.48271;-57.31464
183;78.64914;-57.23855
184;78.81484;-57.162197
185;78.97982;-57.085598
186;79.14409;-57.008766
187;79.307655;-56.9317
188;79.470505;-56.85441
189;79.63267;-56.776875
190;79.794136;-56.699116
191;79.95492;-56.621124
192;80.11498;-56.5429
193;80.274345;-56.464443
194;80.43302;-56.385765
195;80.59104;-56.30687
196;80.74838;-56.22775
197;80.90504;-56.14841
198;81.06102;-56.068863
199;81.21633;-55.9891
200;81.37096;-55.909103
201;81.524895;-55.82888
202;81.678185;-55.74845
203;81.83081;-55.667824
204;81.98279;-55.58699
205;82.13411;-55.50594
206;82.284775;-55.424664
207;82.4348;-55.343185
208;82.58417;-55.261524
209;82.732895;-55.179672
210;82.88099;-55.09761
211;83.02846;-55.015347
212;83.17529;-54.932888
213;83.32149;-54.85022
214;83.46703;-54.76735
215;83.61196;-54.684284
216;83.75628;-54.60103
217;83.89998;-54.517574
218;84.04307;-54.433933
219;84.18554;-54.35009
220;84.32739;-54.266052
221;84.468636;-54.181847
222;84.60926;-54.09748
223;84.74929;-54.01293
224;84.88873;-53.928185
225;85.02759;-53.84325
226;85.165855;-53.758137
227;85.30352;-53.67285
228;85.440605;-53.58739
229;85.57711;-53.501747
230;85.71303;-53.41593
231;85.84837;-53.32994
232;85.98315;-53.24378
233;86.11738;-53.15744
234;86.25102;-53.07093
235;86.38407;-52.984257
236;86.51654;-52.897415
237;86.648476;-52.810406
238;86.77985;-52.723225
239;86.91067;-52.635883
240;87.04096;-52.548378
241;87.17071;-52.460712
242;87.299904;-52.372887
243;87.42856;-52.284897
244;87.55667;-52.196747
245;87.68424;-52.108448
246;87.81129;-52.02
247;87.937805;-51.9314
248;88.06378;-51.84263
249;88.189224;-51.753693
250;88.31415;-51.664616
251;88.43857;-51.575397
252;88.56247;-51.486034
253;88.68586;-51.39651
254;88.80874;-51.30683
255;88.93111;-51.217007
256;89.05297;-51.12704
257;89.17433;-51.03693
258;89.2952;-50.946674
259;89.415565;-50.856277
260;89.53543;-50.76573
261;89.65481;-50.675053
262;89.773705;-50.58425
263;89.89211;-50.493313
264;90.01003;-50.40221
265;90.12747;-50.31095
266;90.24443;-50.219566
267;90.360916;-50.128067
268;90.47694;-50.03643
269;90.59248;-49.944656
270;90.70758;-49.852753
271;90.82221;-49.76072
272;90.93636;-49.66855
273;91.05005;-49.57625
274;91.16328;-49.48382
275;91.276054;-49.391266
276;91.38838;-49.298576
277;91.50027;-49.20577
278;91.6117;-49.11285
279;91.7227;-49.019806
280;91.83325;-48.92663
281;91.94336;-48.833332
282;92.05303;-48.739906
283;92.16227;-48.64635
284;92.27107;-48.552673
285;92.37945;-48.45888
286;92.487404;-48.364964
287;92.59494;-48.27093
288;92.70205;-48.176785
289;92.80874;-48.082523
290;92.91501;-47.988148
291;93.02087;-47.89365
292;93.126305;-47.79904
293;93.23134;-47.704323
294;93.335976;-47.609505
295;93.4402;-47.514572
296;93.544014;-47.41952
297;93.647415;-47.32436
298;93.75043;-47.229088
299;93.85306;-47.1337
300;93.95529;-47.0382
301;94.05714;-46.942604
302;94.15859;-46.846916
303;94.25965;-46.75112
304;94.36034;-46.6552
305;94.46065;-46.559155
306;94.56057;-46.463017
307;94.660095;-46.366787
308;94.75925;-46.270454
309;94.85803;-46.174026
310;94.956474;-46.07751
311;95.05455;-45.98089
312;95.15224;-45.88416
313;95.24956;-45.787327
314;95.34652;-45.6904
315;95.44311;-45.593376
316;95.53934;-45.49626
317;95.635216;-45.39904
318;95.73075;-45.301704
319;95.825935;-45.204273
320;95.92075;-45.106773
321;96.015236;-45.009193
322;96.10937;-44.911507
323;96.20314;-44.813717
324;96.29656;-44.715824
325;96.38966;-44.617855
326;96.48245;-44.5198
327;96.574905;-44.42165
328;96.667;-44.323406
329;96.75876;-44.225067
330;96.85019;-44.12664
331;96.941284;-44.028133
332;97.03205;-43.929535
333;97.122505;-43.830853
334;97.21264;-43.73208
335;97.30245;-43.633217
336;97.39195;-43.534283
337;97.48113;-43.435276
338;97.56999;-43.336174
339;97.65853;-43.236977
340;97.74675;-43.137695
341;97.83468;-43.03833
342;97.922295;-42.938892
343;98.00961;-42.83937
344;98.09662;-42.73977
345;98.18333;-42.640083
346;98.26974;-42.54032
347;98.35584;-42.440475
348;98.44166;-42.34055
349;98.52717;-42.24055
350;98.61237;-42.140484
351;98.69729;-42.04034
352;98.78193;-41.9401
353;98.866295;-41.839783
354;98.950356;-41.739395
355;99.03413;-41.638935
356;99.11761;-41.5384
357;99.20081;-41.43779
358;99.283745;-41.337097
359;99.3664;-41.236336
360;99.44878;-41.13551
361;99.53088;-41.034626
362;99.61272;-40.933662
363;99.694275;-40.832592
364;99.77556;-40.731438
365;99.856575;-40.630238
366;99.93734;-40.528984
367;100.01784;-40.427666
368;100.09805;-40.326263
369;100.178;-40.22479
370;100.25769;-40.123245
371;100.33713;-40.021637
372;100.416306;-39.919956
373;100.49523;-39.818214
374;100.573906;-39.7164
375;100.65232;-39.61452
376;100.73049;-39.51258
377;100.80842;-39.410576
378;100.886086;-39.30851
379;100.9635;-39.20638
380;101.040665;-39.10419
381;101.11759;-39.00193
382;101.194275;-38.899597
383;101.27071;-38.7972
384;101.34691;-38.694748
385;101.42286;-38.592247
386;101.49858;-38.489677
387;101.57407;-38.38703
388;101.64933;-38.28432
389;101.72436;-38.181557
390;101.79917;-38.078735
391;101.87375;-37.97586
392;101.948074;-37.872913
393;102.02217;-37.769905
394;102.09604;-37.66684
395;102.16969;-37.56371
396;102.243126;-37.460518
397;102.31633;-37.357277
398;102.38932;-37.253986
399;102.46209;-37.150635
400;102.53464;-37.047226
401;102.606964;-36.943752
402;102.67908;-36.84023
403;102.750984;-36.736656
404;102.822685;-36.63304
405;102.89416;-36.529354
406;102.96541;-36.4256
407;103.03644;-36.321793
408;103.10729;-36.21794
409;103.17794;-36.114044
410;103.248375;-36.01009
411;103.3186;-35.906075
412;103.388626;-35.802
413;103.45845;-35.69788
414;103.52809;-35.59371
415;103.59753;-35.48949
416;103.66675;-35.38522
417;103.73576;-35.2809
418;103.80459;-35.176525
419;103.87322;-35.07209
420;103.94167;-34.967606
421;104.009926;-34.863075
422;104.07799;-34.75849
423;104.14586;-34.65386
424;104.21353;-34.54919
425;104.28102;-34.444485
426;104.34833;-34.33972
427;104.41544;-34.234898
428;104.48239;-34.130024
429;104.54913;-34.025105
430;104.61569;-33.920135
431;104.68206;-33.815125
432;104.74827;-33.710068
433;104.8143;-33.604973
434;104.88015;-33.499825
435;104.945816;-33.394623
436;105.01131;-33.289375
437;105.07662;-33.184082
438;105.141754;-33.07876
439;105.20671;-32.97338
440;105.27151;-32.867954
441;105.33614;-32.762466
442;105.400604;-32.656948
443;105.4649;-32.5514
444;105.529015;-32.445812
445;105.59297;-32.34017
446;105.65675;-32.234478
447;105.72037;-32.128746
448;105.78382;-32.022976
449;105.84709;-31.917173
450;105.91022;-31.811321
451;105.97319;-31.705425
452;106.036;-31.599482
453;106.098656;-31.493502
454;106.161156;-31.387478
455;106.2235;-31.281414
456;106.28568;-31.175316
457;106.347694;-31.069181
458;106.40956;-30.963005
459;106.471275;-30.856781
460;106.53283;-30.750523
461;106.59424;-30.644218
462;106.65551;-30.537876
463;106.71662;-30.431496
464;106.77758;-30.325079
465;106.838394;-30.21862
466;106.899055;-30.112125
467;106.95958;-30.0056
468;107.01996;-29.899042
469;107.080185;-29.79244
470;107.14027;-29.685787
471;107.2002;-29.5791
472;107.26001;-29.472385
473;107.31967;-29.365643
474;107.379196;-29.258862
475;107.43858;-29.15203
476;107.49783;-29.045162
477;107.556946;-28.938263
478;107.615906;-28.831333
479;107.674736;-28.724367
480;107.73344;-28.617367
481;107.792015;-28.510324
482;107.85045;-28.403252
483;107.90874;-28.296152
484;107.966896;-28.189016
485;108.02493;-28.081842
486;108.08285;-27.974625
487;108.14063;-27.867374
488;108.19828;-27.760107
489;108.25579;-27.652822
490;108.31319;-27.54549
491;108.370445;-27.438114
492;108.42758;-27.3307
493;108.4846;-27.223263
494;108.54149;-27.115793
495;108.59826;-27.008291
496;108.65491;-26.900759
497;108.71144;-26.793194
498;108.767845;-26.6856
499;108.82412;-26.577967
500;108.88028;-26.470303
501;108.936325;-26.362612
502;108.992256;-26.254902
503;109.04808;-26.147161
504;109.103775;-26.03938
505;109.15936;-25.931564
506;109.21483;-25.823723
507;109.27018;-25.715858
508;109.32542;-25.607967
509;109.38054;-25.500042
510;109.43556;-25.392086
511;109.49046;-25.284103
512;109.54526;-25.176088
513;109.59994;-25.06804
514;109.65451;-24.959967
515;109.70897;-24.851871
516;109.76333;-24.74375
517;109.81757;-24.635597
518;109.87173;-24.527416
519;109.925766;-24.419209
520;109.9797;-24.310972
521;110.03352;-24.202707
522;110.08725;-24.094418
523;110.14087;-23.9861
524;110.19438;-23.877754
525;110.2478;-23.769384
526;110.30113;-23.660992
527;110.354355;-23.552574
528;110.40747;-23.444124
529;110.46047;-23.33564
530;110.51339;-23.227133
531;110.56621;-23.11861
532;110.618935;-23.010061
533;110.67157;-22.901487
534;110.7241;-22.792892
535;110.77653;-22.684273
536;110.82887;-22.575624
537;110.881134;-22.466948
538;110.9333;-22.358248
539;110.98535;-22.249533
540;111.03731;-22.140799
541;111.08918;-22.03203
542;111.14098;-21.92324
543;111.19269;-21.814426
544;111.2443;-21.705587
545;111.29583;-21.596725
546;111.34726;-21.487839
547;111.39861;-21.378927
548;111.449875;-21.269993
549;111.501045;-21.16104
550;111.552124;-21.052069
551;111.60311;-20.943077
552;111.65403;-20.834057
553;111.70486;-20.725014
554;111.75561;-20.61595
555;111.806274;-20.50686
556;111.856865;-20.397749
557;111.907364;-20.28862
558;111.95778;-20.179474
559;112.00811;-20.070307
560;112.058365;-19.961117
561;112.108536;-19.851902
562;112.15863;-19.742668
563;112.208664;-19.63342
564;112.25861;-19.52416
565;112.30848;-19.414871
566;112.35827;-19.305552
567;112.407974;-19.19621
568;112.45761;-19.086863
569;112.507164;-18.9775
570;112.55665;-18.868118
571;112.606064;-18.758707
572;112.6554;-18.649273
573;112.704666;-18.539825
574;112.753876;-18.430355
575;112.80301;-18.320866
576;112.85206;-18.211363
577;112.90104;-18.101845
578;112.94994;-17.992308
579;112.99879;-17.882751
580;113.04756;-17.773176
581;113.09627;-17.66358
582;113.144905;-17.55396
583;113.193474;-17.444323
584;113.241974;-17.334677
585;113.290405;-17.225016
586;113.338776;-17.115335
587;113.38708;-17.005632
588;113.43532;-16.89591
589;113.48349;-16.786177
590;113.53159;-16.676434
591;113.579636;-16.566671
592;113.62762;-16.45689
593;113.675545;-16.347092
594;113.72341;-16.237276
595;113.77121;-16.127445
596;113.818954;-16.017597
597;113.86663;-15.907735
598;113.91423;-15.797862
599;113.96178;-15.687973
600;114.00927;-15.578064
601;114.0567;-15.468139
602;114.10408;-15.358199
603;114.15141;-15.248243
604;114.198685;-15.138271
605;114.2459;-15.028286
606;114.293076;-14.9182825
607;114.340195;-14.808264
608;114.38723;-14.698238
609;114.4342;-14.588201
610;114.481125;-14.478146
611;114.52801;-14.368066
612;114.57484;-14.257972
613;114.62161;-14.14787
614;114.668335;-14.03776
615;114.71501;-13.92764
616;114.76163;-13.817502
617;114.80819;-13.707359
618;114.854706;-13.597198
619;114.90116;-13.487018
620;114.94757;-13.376823
621;114.993935;-13.26662
622;115.04026;-13.156408
623;115.08655;-13.046185
624;115.132774;-12.935943
625;115.178955;-12.825683
626;115.22509;-12.715416
627;115.271164;-12.605142
628;115.31719;-12.494859
629;115.36318;-12.384559
630;115.40912;-12.27424
631;115.45501;-12.163907
632;115.50087;-12.053568
633;115.5467;-11.943212
634;115.59248;-11.832845
635;115.638214;-11.722483
636;115.6839;-11.612113
637;115.729546;-11.501725
638;115.77514;-11.391319
639;115.8207;-11.280901
640;115.86623;-11.170469
641;115.91172;-11.06002
642;115.95717;-10.949566
643;116.00257;-10.83911
644;116.04793;-10.728643
645;116.09325;-10.618165
646;116.138535;-10.507683
647;116.183784;-10.397186
648;116.229;-10.28668
649;116.274185;-10.176165
650;116.31933;-10.06564
651;116.36443;-9.955103
652;116.40951;-9.844558
653;116.454544;-9.734002
654;116.499535;-9.623442
655;116.544495;-9.512874
656;116.58943;-9.4022875
657;116.63433;-9.291687
658;116.6792;-9.181082
659;116.72403;-9.070476
660;116.76883;-8.95986
661;116.8136;-8.849239
662;116.858345;-8.738615
663;116.90305;-8.627986
664;116.94773;-8.517335
665;116.992386;-8.406669
666;117.037;-8.296001
667;117.08158;-8.1853285
668;117.12612;-8.074652
669;117.17065;-7.9639664
670;117.21516;-7.8532777
671;117.25964;-7.74258
672;117.30409;-7.631874
673;117.34851;-7.5211625
674;117.39291;-7.410445
675;117.43727;-7.2997093
676;117.48161;-7.18896
677;117.52593;-7.0782185
678;117.57022;-6.9674797
679;117.61449;-6.8567357
680;117.65874;-6.7459755
681;117.70296;-6.6352105
682;117.74716;-6.5244393
683;117.791336;-6.413664
684;117.83549;-6.3028817
685;117.87962;-6.1920896
686;117.92372;-6.0812798
687;117.967804;-5.9704633
688;118.01187;-5.8596582
689;118.05591;-5.748845
690;118.09993;-5.638029
691;118.14395;-5.527212
692;118.18796;-5.416392
693;118.23193;-5.305559
694;118.27586;-5.1947145
695;118.319786;-5.0838633
696;118.3637;-4.9730167
697;118.4076;-4.8621707
698;118.451485;-4.7513146
699;118.49535;-4.6404567
700;118.53921;-4.529592
701;118.583046;-4.418725
702;118.626854;-4.3078446
703;118.67065;-4.1969614
704;118.71443;-4.086082
705;118.75821;-3.9752047
706;118.80197;-3.8643208
707;118.84572;-3.7534287
708;118.889465;-3.6425366
709;118.93319;-3.5316372
710;118.97689;-3.4207432
711;119.02059;-3.309845
712;119.06428;-3.1989374
713;119.10797;-3.088022
714;119.15164;-2.9771073
715;119.19529;-2.866191
716;119.23893;-2.7552726
717;119.28256;-2.6443534
718;119.32619;-2.533434
719;119.36981;-2.4225147
720;119.41342;-2.3115864
721;119.45701;-2.200652
722;119.5006;-2.0897167
723;119.54419;-1.9787849
724;119.58777;-1.8678504
725;119.63135;-1.7569174
726;119.674904;-1.6459955
727;119.71846;-1.5350701
728;119.76202;-1.4241282
729;119.80557;-1.3131726
730;119.84912;-1.2022233
731;119.89266;-1.0912809
732;119.936195;-0.9803388
733;119.97973;-0.8693941
734;120.02326;-0.75844705
735;120.06679;-0.6474983
736;120.11031;-0.5365501
737;120.15384;-0.42560253
738;120.197365;-0.31465232
739;120.24089;-0.2036968
740;120.28442;-0.092733495
741;120.32794;0.018215548
742;120.37147;0.12916043
743;120.414986;0.24010272
744;120.45851;0.35104516
745;120.50204;0.46197724
746;120.54556;0.5729168
747;120.58909;0.683872
748;120.632614;0.79483277
749;120.67615;0.9057823
750;120.71968;1.0167302
751;120.76322;1.1276792
752;120.80676;1.23862
753;120.85031;1.3495588
754;120.89386;1.4604977
755;120.93742;1.5714341
756;120.980995;1.6823668
757;121.02457;1.7933016
758;121.06814;1.9042304
759;121.11172;2.0151582
760;121.155304;2.1260917
761;121.19889;2.2370286
762;121.24249;2.347961
763;121.28611;2.4588838
764;121.329735;2.569805
765;121.37336;2.6807244
766;121.416985;2.7916396
767;121.460625;2.9025521
768;121.50428;3.0134652
769;121.54796;3.1243732
770;121.591644;3.2352788
771;121.63533;3.3461819
772;121.67904;3.4570801
773;121.72275;3.5679772
774;121.766464;3.6788652
775;121.810196;3.7897496
776;121.85395;3.9006412
777;121.89771;4.0115366
778;121.94149;4.1224213
779;121.98529;4.233299
780;122.029106;4.3441706
781;122.07293;4.4550376
782;122.11675;4.565903
783;122.1606;4.676762
784;122.20446;4.7876177
785;122.24834;4.898467
786;122.29224;5.0093126
787;122.33616;5.120147
788;122.380104;5.2309732
789;122.42406;5.3418007
790;122.46803;5.4526234
791;122.512024;5.5634437
792;122.55604;5.6742625
793;122.600075;5.785086
794;122.64413;5.8958983
795;122.688194;6.006685
796;122.73227;6.117457
797;122.77638;6.2282424
798;122.82053;6.3390484
799;122.8647;6.4498487
800;122.908875;6.560619
801;122.95307;6.671376
802;122.99729;6.782131
803;123.04155;6.892882
804;123.08582;7.003628
805;123.13013;7.114368
806;123.17446;7.2251105
807;123.21882;7.3358455
808;123.26319;7.446566
809;123.30759;7.5572743
810;123.35201;7.6679792
811;123.396454;7.7786765
812;123.440926;7.8893657
813;123.485435;8.0000515
814;123.52997;8.110728
815;123.57453;8.221399
816;123.61913;8.332063
817;123.66376;8.442724
818;123.70841;8.553375
819;123.753105;8.664014
820;123.79782;8.774642
821;123.84257;8.885262
822;123.88732;8.995861
823;123.932106;9.106453
824;123.97695;9.217047
825;124.02185;9.327625
826;124.066765;9.438199
827;124.1117;9.548786
828;124.15668;9.659372
829;124.20168;9.76993
830;124.24673;9.880472
831;124.2918;9.991006
832;124.336914;10.101532
833;124.38208;10.212051
834;124.42727;10.322556
835;124.47249;10.433046
836;124.517746;10.543522
837;124.56304;10.6539955
838;124.60836;10.764463
839;124.653725;10.87492
840;124.699135;10.985372
841;124.7446;11.095824
842;124.79009;11.206257
843;124.83562;11.316663
844;124.88119;11.427054
845;124.9268;11.537442
846;124.97247;11.64782
847;125.01818;11.758186
848;125.06391;11.8685465
849;125.10969;11.978899
850;125.15551;12.089241
851;125.20138;12.19956
852;125.24729;12.309866
853;125.29324;12.420166
854;125.33925;12.530457
855;125.3853;12.640737
856;125.43139;12.750991
857;125.47753;12.8612175
858;125.52371;12.971443
859;125.569954;13.08169
860;125.61624;13.191933
861;125.662575;13.302142
862;125.70895;13.412325
863;125.75537;13.522494
864;125.80186;13.632663
865;125.8484;13.7428255
866;125.89498;13.852971
867;125.941605;13.963091
868;125.98827;14.073197
869;126.035;14.18329
870;126.08179;14.293363
871;126.12863;14.40342
872;126.17552;14.513475
873;126.222466;14.623517
874;126.26946;14.733545
875;126.31652;14.843561
876;126.36363;14.953564
877;126.410805;15.06355
878;126.45803;15.1735325
879;126.50532;15.283502
880;126.55265;15.3934355
881;126.600044;15.503347
882;126.64749;15.613245
883;126.695;15.723126
884;126.74255;15.832989
885;126.790184;15.942847
886;126.83789;16.0527
887;126.88565;16.162535
888;126.933464;16.272345
889;126.98132;16.382135
890;127.02925;16.491913
891;127.077255;16.60169
892;127.12532;16.711454
893;127.17345;16.821188
894;127.22163;16.9309
895;127.269875;17.040596
896;127.31819;17.150276
897;127.36657;17.259945
898;127.415016;17.369589
899;127.46353;17.479208
900;127.51212;17.588802
901;127.560776;17.698391
902;127.6095;17.807974
903;127.658295;17.917538
904;127.70715;18.02707
905;127.756096;18.13658
906;127.8051;18.246078
907;127.854164;18.355574
908;127.90329;18.465061
909;127.9525;18.57451
910;128.00177;18.683926
911;128.05112;18.79332
912;128.10056;18.90271
913;128.15005;19.012085
914;128.19963;19.121439
915;128.2493;19.230764
916;128.29903;19.340067
917;128.34883;19.449358
918;128.39873;19.558632
919;128.4487;19.667889
920;128.49873;19.777115
921;128.54884;19.886318
922;128.59904;19.995504
923;128.6493;20.104671
924;128.69966;20.213816
925;128.7501;20.32294
926;128.80063;20.432053
927;128.85123;20.54114
928;128.90192;20.650202
929;128.95268;20.759235
930;129.00354;20.868252
931;129.05446;20.977242
932;129.10548;21.086208
933;129.15659;21.195158
934;129.20778;21.304092
935;129.25905;21.413004
936;129.31042;21.521883
937;129.36188;21.630733
938;129.41342;21.739563
939;129.46504;21.848377
940;129.51675;21.957165
941;129.56856;22.065931
942;129.62047;22.174686
943;129.67247;22.283415
944;129.72455;22.392115
945;129.77672;22.500803
946;129.829;22.609457
947;129.88135;22.718071
948;129.9338;22.826658
949;129.98637;22.935225
950;130.03902;23.043766
951;130.09177;23.152283
952;130.14459;23.260782
953;130.19753;23.369265
954;130.25056;23.477718
955;130.30371;23.58613
956;130.35696;23.694513
957;130.41031;23.802881
958;130.46376;23.91123
959;130.51729;24.019554
960;130.57094;24.12784
961;130.62468;24.2361
962;130.67853;24.34433
963;130.73247;24.452545
964;130.78651;24.560736
965;130.84068;24.66889
966;130.89496;24.777018
967;130.94936;24.885115
968;131.00385;24.993187
969;131.05846;25.101233
970;131.11317;25.209248
971;131.16797;25.317234
972;131.2229;25.425198
973;131.27792;25.533123
974;131.33308;25.64101
975;131.38835;25.748867
976;131.44373;25.85671
977;131.49919;25.964527
978;131.5548;26.072313
979;131.61052;26.180063
980;131.66637;26.28778
981;131.72232;26.395472
982;131.77841;26.503122
983;131.8346;26.610743
984;131.8909;26.718334
985;131.94731;26.825893
986;132.00385;26.933422
987;132.06055;27.040926
988;132.11736;27.148397
989;132.17429;27.255836
990;132.23132;27.363253
991;132.2885;27.470634
992;132.34578;27.577974
993;132.4032;27.685276
994;132.46074;27.792547
995;132.51842;27.89979
996;132.57622;28.006998
997;132.63416;28.114174
998;132.69221;28.221312
999;132.75041;28.328417
1000;132.80875;28.435493
1001;132.8672;28.542545
1002;132.9258;28.649557
1003;132.98451;28.75652
1004;133.04338;28.863445
1005;133.10239;28.970343
1006;133.16153;29.077204
1007;133.22081;29.18403
1008;133.28021;29.290815
1009;133.33977;29.397552
1010;133.39946;29.504265
1011;133.45929;29.610954
1012;133.51924;29.717611
1013;133.57936;29.824224
1014;133.63963;29.930805
1015;133.70004;30.037346
1016;133.76059;30.143839
1017;133.82129;30.25029
1018;133.88213;30.356707
1019;133.94313;30.463097
1020;134.00427;30.56945
1021;134.06557;30.675758
1022;134.12701;30.782019
1023;134.1886;30.88824
1024;134.25035;30.994423
1025;134.31226;31.10056
1026;134.3743;31.20666
1027;134.43651;31.31273
1028;134.49889;31.418762
1029;134.5614;31.524748
1030;134.62408;31.630686
1031;134.68694;31.736586
1032;134.74994;31.842445
1033;134.81311;31.94826
1034;134.87643;32.054035
1035;134.93993;32.15977
1036;135.00359;32.265465
1037;135.06741;32.371117
1038;135.1314;32.476723
1039;135.19553;32.582287
1040;135.25986;32.687805
1041;135.32436;32.793274
1042;135.38902;32.898705
1043;135.45384;33.00409
1044;135.51884;33.109432
1045;135.58401;33.21473
1046;135.64937;33.31997
1047;135.7149;33.425167
1048;135.78061;33.530327
1049;135.84648;33.635456
1050;135.91255;33.74053
1051;135.97878;33.845547
1052;136.0452;33.950523
1053;136.1118;34.05545
1054;136.17859;34.16033
1055;136.24556;34.265163
1056;136.31271;34.369938
1057;136.38007;34.47465
1058;136.44759;34.579323
1059;136.5153;34.683975
1060;136.5832;34.788586
1061;136.6513;34.893127
1062;136.7196;34.99761
1063;136.7881;35.10204
1064;136.85677;35.206425
1065;136.92563;35.31076
1066;136.9947;35.415047
1067;137.06396;35.51928
1068;137.13342;35.623466
1069;137.2031;35.727596
1070;137.27295;35.83167
1071;137.343;35.935696
1072;137.41328;36.039665
1073;137.48375;36.14357
1074;137.55443;36.24743
1075;137.62532;36.351234
1076;137.69641;36.45499
1077;137.76772;36.558693
1078;137.83925;36.662346
1079;137.91098;36.76594
1080;137.98293;36.869476
1081;138.05508;36.972946
1082;138.12746;37.076366
1083;138.20004;37.179737
1084;138.27284;37.283047
1085;138.34587;37.386303
1086;138.41913;37.4895
1087;138.49261;37.592636
1088;138.56631;37.695713
1089;138.64024;37.79872
1090;138.7144;37.901676
1091;138.78879;38.004578
1092;138.86337;38.10742
1093;138.93822;38.210197
1094;139.01328;38.312916
1095;139.08858;38.415573
1096;139.16411;38.51817
1097;139.23988;38.6207
1098;139.31589;38.723175
1099;139.39214;38.825584
1100;139.46864;38.92794
1101;139.54538;39.03022
1102;139.62234;39.132435
1103;139.69957;39.234585
1104;139.77704;39.336674
1105;139.85475;39.438694
1106;139.93271;39.54065
1107;140.01093;39.642544
1108;140.08939;39.74437
1109;140.1681;39.84613
1110;140.24707;39.947834
1111;140.3263;40.049465
1112;140.40578;40.15102
1113;140.48552;40.25251
1114;140.56554;40.353928
1115;140.64581;40.455273
1116;140.72635;40.55655
1117;140.80714;40.657757
1118;140.88823;40.758904
1119;140.96957;40.859974
1120;141.0512;40.960976
1121;141.13307;41.061905
1122;141.21523;41.16276
1123;141.29764;41.26353
1124;141.38034;41.36422
1125;141.46332;41.464855
1126;141.5466;41.56543
1127;141.63016;41.665928
1128;141.71399;41.766342
1129;141.7981;41.866684
1130;141.88249;41.96694
1131;141.96718;42.067123
1132;142.05214;42.16723
1133;142.13742;42.267254
1134;142.22299;42.36721
1135;142.30887;42.467083
1136;142.39503;42.566875
1137;142.48149;42.66659
1138;142.56825;42.766228
1139;142.6553;42.865772
1140;142.74266;42.965237
1141;142.83034;43.06462
1142;142.91833;43.16392
1143;143.00662;43.26314
1144;143.09523;43.36228
1145;143.18416;43.46135
1146;143.27339;43.560326
1147;143.36295;43.659218
1148;143.4528;43.758022
1149;143.54298;43.85674
1150;143.63348;43.95536
1151;143.72432;44.053898
1152;143.81548;44.15235
1153;143.90695;44.250717
1154;143.99878;44.348995
1155;144.09094;44.44718
1156;144.18346;44.54528
1157;144.27628;44.643288
1158;144.36943;44.74121
1159;144.46294;44.839035
1160;144.55678;44.93677
1161;144.65097;45.034412
1162;144.7455;45.131958
1163;144.8404;45.229412
1164;144.93564;45.32677
1165;145.03122;45.42403
1166;145.12717;45.521194
1167;145.22346;45.618263
1168;145.32011;45.715233
1169;145.41714;45.81211
1170;145.51453;45.908886
1171;145.61227;46.005558
1172;145.71039;46.102127
1173;145.80887;46.1986
1174;145.90775;46.294983
1175;146.00697;46.391262
1176;146.10658;46.48743
1177;146.20656;46.583492
1178;146.30693;46.67945
1179;146.40767;46.775307
1180;146.5088;46.871056
1181;146.61032;46.9667
1182;146.71222;47.06224
1183;146.81453;47.157673
1184;146.91722;47.253
1185;147.0203;47.34822
1186;147.12378;47.44333
1187;147.22768;47.53832
1188;147.33197;47.633194
1189;147.43666;47.727962
1190;147.54176;47.822617
1191;147.64728;47.917156
1192;147.7532;48.01159
1193;147.85956;48.105907
1194;147.96632;48.200108
1195;148.0735;48.294197
1196;148.18109;48.38817
1197;148.28911;48.482018
1198;148.39755;48.575733
1199;148.50642;48.669327
1200;148.61575;48.76282
1201;148.72551;48.856197
1202;148.8357;48.94945
1203;148.9463;49.04256
1204;149.05736;49.135548
1205;149.16887;49.228416
1206;149.28082;49.32117
1207;149.39323;49.413795
1208;149.50609;49.50629
1209;149.6194;49.598656
1210;149.73317;49.69089
1211;149.84741;49.78299
1212;149.9621;49.874958
1213;150.07726;49.966797
1214;150.19289;50.058514
1215;150.30899;50.150093
1216;150.42555;50.24154
1217;150.54259;50.332848
1218;150.66011;50.42402
1219;150.77809;50.515045
1220;150.89656;50.605934
1221;151.01553;50.69669
1222;151.13501;50.78731
1223;151.25497;50.877796
1224;151.37541;50.968124
1225;151.49635;51.058304
1226;151.61778;51.148346
1227;151.73973;51.238243
1228;151.86218;51.32799
1229;151.98515;51.4176
1230;152.10861;51.50706
1231;152.23259;51.59638
1232;152.35709;51.685535
1233;152.4821;51.774536
1234;152.60765;51.86339
1235;152.7337;51.952087
1236;152.86028;52.040634
1237;152.9874;52.129025
1238;153.11507;52.21725
1239;153.24327;52.30532
1240;153.372;52.393238
1241;153.50127;52.48099
1242;153.63107;52.568592
1243;153.76141;52.656036
1244;153.8923;52.743324
1245;154.02377;52.830433
1246;154.15582;52.91736
1247;154.28844;53.00412
1248;154.42159;53.09072
1249;154.55528;53.177143
1250;154.68956;53.2634
1251;154.82442;53.349503
1252;154.95985;53.435436
1253;155.09586;53.521187
1254;155.23245;53.606773
1255;155.36961;53.69218
1256;155.50737;53.777397
1257;155.64572;53.862423
1258;155.78465;53.947277
1259;155.92418;54.031956
1260;156.06432;54.116455
1261;156.20505;54.200764
1262;156.3464;54.284874
1263;156.48836;54.368797
1264;156.6309;54.452553
1265;156.77405;54.536137
1266;156.91783;54.61952
1267;157.06224;54.702686
1268;157.20726;54.785656
1269;157.35292;54.868446
1270;157.49919;54.951057
1271;157.6461;55.033474
1272;157.79364;55.11567
1273;157.94183;55.197662
1274;158.09065;55.279457
1275;158.24011;55.36104
1276;158.39021;55.442413
1277;158.54097;55.52359
1278;158.69237;55.604572
1279;158.84444;55.68535
1280;158.99716;55.765903
1281;159.15056;55.846245
1282;159.30461;55.926376
1283;159.45932;56.006287
1284;159.6147;56.085983
1285;159.77075;56.165466
1286;159.92752;56.24474
1287;160.08495;56.323788
1288;160.24304;56.402603
1289;160.40181;56.48119
1290;160.56128;56.559555
1291;160.72144;56.637707
1292;160.8823;56.715626
1293;161.04385;56.793312
1294;161.2061;56.870758
1295;161.36906;56.947975
1296;161.53273;57.024956
1297;161.69711;57.101707
1298;161.86218;57.178215
1299;162.02797;57.254475
1300;162.19447;57.330486
1301;162.3617;57.40627
1302;162.52966;57.48182
1303;162.69835;57.557125
1304;162.86775;57.632164
1305;163.03786;57.706944
1306;163.20872;57.781475
1307;163.38034;57.85576
1308;163.5527;57.929787
1309;163.72578;58.00356
1310;163.89958;58.077076
1311;164.07413;58.150326
1312;164.24944;58.223312
1313;164.4255;58.29603
1314;164.60234;58.36848
1315;164.77992;58.440674
1316;164.95827;58.5126
1317;165.13736;58.58425
1318;165.31721;58.655624
1319;165.49783;58.72672
1320;165.67921;58.797543
1321;165.86134;58.868088
1322;166.04427;58.93835
1323;166.22797;59.008324
1324;166.41246;59.078014
1325;166.59772;59.14742
1326;166.78375;59.21654
1327;166.97058;59.28537
1328;167.15819;59.353897
1329;167.34657;59.422115
1330;167.53577;59.490047
1331;167.72572;59.557697
1332;167.91649;59.625046
1333;168.10803;59.69209
1334;168.30037;59.758827
1335;168.49352;59.825256
1336;168.68747;59.891376
1337;168.88225;59.957184
1338;169.0778;60.02268
1339;169.27415;60.087852
1340;169.4713;60.1527
1341;169.66925;60.21724
1342;169.86801;60.28146
1343;170.06758;60.345356
1344;170.26797;60.40893
1345;170.46915;60.472183
1346;170.67114;60.535107
1347;170.87398;60.597694
1348;171.07762;60.659954
1349;171.28207;60.72187
1350;171.48735;60.783443
1351;171.69344;60.84468
1352;171.90033;60.905575
1353;172.10803;60.96612
1354;172.31657;61.026325
1355;172.52592;61.086185
1356;172.7361;61.145695
1357;172.94708;61.20485
1358;173.15889;61.263653
1359;173.3715;61.322098
1360;173.58495;61.38018
1361;173.79921;61.437904
1362;174.01428;61.495262
1363;174.23018;61.55225
1364;174.44688;61.608864
1365;174.66441;61.665115
1366;174.88277;61.721004
1367;175.10193;61.776516
1368;175.3219;61.831642
1369;175.54268;61.886375
1370;175.76428;61.940735
1371;175.98671;61.994717
1372;176.20995;62.048317
1373;176.43399;62.101524
1374;176.65886;62.154346
1375;176.88454;62.20678
1376;177.111;62.258812
1377;177.33826;62.310448
1378;177.56633;62.361683
1379;177.7952;62.412514
1380;178.02487;62.462944
1381;178.25536;62.51297
1382;178.48662;62.56259
1383;178.71867;62.6118
1384;178.95152;62.6606
1385;179.18518;62.708977
1386;179.41962;62.756943
1387;179.65482;62.804485
1388;179.8908;62.851612
1389;-179.87245;62.89831
1390;-179.63487;62.944595
1391;-179.39655;62.99045
1392;-179.15746;63.035862
1393;-178.91762;63.080833
1394;-178.677;63.125378
1395;-178.43562;63.16949
1396;-178.1935;63.21317
1397;-177.9506;63.256405
1398;-177.70702;63.299202
1399;-177.46266;63.341553
1400;-177.21756;63.383453
1401;-176.97171;63.424904
1402;-176.72514;63.4659
1403;-176.47786;63.506447
1404;-176.22986;63.54654
1405;-175.98114;63.58617
1406;-175.7317;63.625347
1407;-175.48157;63.664062
1408;-175.23074;63.702312
1409;-174.97925;63.740093
1410;-174.72704;63.77741
1411;-174.47412;63.81425
1412;-174.22054;63.85062
1413;-173.9663;63.88652
1414;-173.71138;63.92195
1415;-173.45583;63.956905
1416;-173.19962;63.99137
1417;-172.94276;64.02535
1418;-172.68527;64.05885
1419;-172.42714;64.091866
1420;-172.16838;64.12439
1421;-171.909;64.156425
1422;-171.64902;64.18799
1423;-171.38841;64.21906
1424;-171.12723;64.249626
1425;-170.86543;64.27969
1426;-170.60307;64.309265
1427;-170.34015;64.33834
1428;-170.07664;64.36691
1429;-169.81259;64.39498
1430;-169.54797;64.42253
1431;-169.28282;64.449585
1432;-169.01714;64.476135
1433;-168.75095;64.50218
1434;-168.48422;64.52772
1435;-168.217;64.552734
1436;-167.94926;64.57724
1437;-167.68105;64.601234
1438;-167.41235;64.62471
1439;-167.14319;64.647675
1440;-166.87357;64.67011
1441;-166.60345;64.69203
1442;-166.33292;64.71343
1443;-166.06197;64.7343
1444;-165.79059;64.75464
1445;-165.51878;64.77446
1446;-165.24658;64.79374
1447;-164.97398;64.81249
1448;-164.70099;64.83073
1449;-164.42764;64.848434
1450;-164.15393;64.86561
1451;-163.87985;64.88225
1452;-163.60542;64.89836
1453;-163.33067;64.91393
1454;-163.0556;64.92896
1455;-162.78023;64.94346
1456;-162.50453;64.95741
1457;-162.22858;64.970825
1458;-161.95232;64.983696
1459;-161.67581;64.99604
1460;-161.39905;65.007835
1461;-161.12202;65.01909
1462;-160.84479;65.0298
1463;-160.56732;65.03996
1464;-160.28964;65.04959
1465;-160.01175;65.05868
1466;-159.73367;65.067215
1467;-159.45543;65.0752
1468;-159.177;65.08265
1469;-158.89842;65.08954
1470;-158.6197;65.09588
1471;-158.34087;65.10168
1472;-158.0619;65.106926
1473;-157.78285;65.111626
1474;-157.5037;65.115776
1475;-157.22447;65.11938
1476;-156.94518;65.122444
1477;-156.6658;65.12495
1478;-156.3864;65.1269
1479;-156.10695;65.1283
1480;-155.82747;65.12916
1481;-155.54796;65.12946
1482;-155.26846;65.12923
1483;-154.98898;65.128426
1484;-154.70953;65.12708
1485;-154.43011;65.12518
1486;-154.15073;65.12275
1487;-153.8714;65.11976
1488;-153.59216;65.11621
1489;-153.31302;65.112114
1490;-153.03395;65.107475
1491;-152.75499;65.10228
1492;-152.47615;65.096535
1493;-152.19743;65.09025
1494;-151.91887;65.08342
1495;-151.64046;65.07604
1496;-151.3622;65.068115
1497;-151.0841;65.05964
1498;-150.80621;65.05061
1499;-150.52852;65.041046
1500;-150.25102;65.03094
1501;-149.97377;65.02028
1502;-149.69676;65.009094
1503;-149.42;64.99736
1504;-149.14346;64.985085
1505;-148.8672;64.972275
1506;-148.59122;64.958916
1507;-148.31552;64.945015
1508;-148.04013;64.93057
1509;-147.76505;64.9156
1510;-147.4903;64.90009
1511;-147.21587;64.88405
1512;-146.94177;64.86747
1513;-146.66803;64.850365
1514;-146.39467;64.832726
1515;-146.12166;64.814545
1516;-145.84903;64.79584
1517;-145.57681;64.7766
1518;-145.30501;64.75684
1519;-145.0336;64.73656
1520;-144.76263;64.715744
1521;-144.49208;64.69442
1522;-144.22198;64.67256
1523;-143.95233;64.65019
1524;-143.68315;64.627304
1525;-143.41443;64.60389
1526;-143.1462;64.579956
1527;-142.87843;64.55551
1528;-142.61119;64.53055
1529;-142.34444;64.50507
1530;-142.07822;64.479095
1531;-141.81252;64.45261
1532;-141.54733;64.425606
1533;-141.28271;64.3981
1534;-141.01865;64.37009
1535;-140.75513;64.341576
1536;-140.49217;64.31257
1537;-140.22978;64.28306
1538;-139.96799;64.25305
1539;-139.70677;64.22255
1540;-139.44617;64.19154
1541;-139.18616;64.16006
1542;-138.92677;64.128075
1543;-138.66801;64.095604
1544;-138.40985;64.062645
1545;-138.1523;64.0292
1546;-137.89539;63.99527
1547;-137.63916;63.960865
1548;-137.38358;63.925983
1549;-137.12865;63.89062
1550;-136.87439;63.854782
1551;-136.62079;63.81847
1552;-136.36787;63.78169
1553;-136.11563;63.744442
1554;-135.86407;63.706722
1555;-135.61322;63.668533
1556;-135.36307;63.62988
1557;-135.1136;63.590767
1558;-134.86487;63.5512
1559;-134.61684;63.511177
1560;-134.36952;63.47069
1561;-134.12292;63.429752
1562;-133.87708;63.388363
1563;-133.63194;63.34653
1564;-133.38756;63.30425
1565;-133.1439;63.26152
1566;-132.901;63.21835
1567;-132.65886;63.174736
1568;-132.41747;63.130684
1569;-132.17683;63.086193
1570;-131.93697;63.041267
1571;-131.69785;62.99592
1572;-131.4595;62.95014
1573;-131.22192;62.903934
1574;-130.98512;62.857296
1575;-130.74911;62.810238
1576;-130.51387;62.762756
1577;-130.27939;62.71486
1578;-130.04572;62.666542
1579;-129.81284;62.617813
1580;-129.58075;62.568672
1581;-129.34944;62.519123
1582;-129.11894;62.46916
1583;-128.88922;62.418793
1584;-128.66031;62.368023
1585;-128.4322;62.31685
1586;-128.20491;62.265278
1587;-127.9784;62.213314
1588;-127.7527;62.160957
1589;-127.52782;62.108204
1590;-127.30377;62.055054
1591;-127.080536;62.001514
1592;-126.85808;61.947598
1593;-126.63642;61.8933
1594;-126.41558;61.83862
1595;-126.19558;61.78356
1596;-125.97638;61.728127
1597;-125.758;61.672314
1598;-125.54046;61.616127
1599;-125.32373;61.55957
1600;-125.1078;61.502644
1601;-124.892685;61.44535
1602;-124.67839;61.38769
1603;-124.46491;61.329678
1604;-124.25224;61.2713
1605;-124.040405;61.21257
1606;-123.8294;61.153484
1607;-123.6192;61.094044
1608;-123.409836;61.034256
1609;-123.20129;60.97412
1610;-122.99356;60.913643
1611;-122.78663;60.852814
1612;-122.58051;60.791645
1613;-122.37522;60.730133
1614;-122.170746;60.66828
1615;-121.96709;60.60609
1616;-121.76424;60.54357
1617;-121.56221;60.480724
1618;-121.360985;60.417545
1619;-121.160576;60.354042
1620;-120.960976;60.29022
1621;-120.76218;60.226067
1622;-120.56418;60.161594
1623;-120.36698;60.0968
1624;-120.1706;60.03169
1625;-119.97503;59.96626
1626;-119.780266;59.90052
1627;-119.58629;59.83448
1628;-119.39311;59.768135
1629;-119.20073;59.701473
1630;-119.00914;59.6345
1631;-118.818344;59.56722
1632;-118.62834;59.499645
1633;-118.439125;59.43177
1634;-118.2507;59.3636
1635;-118.06309;59.29515
1636;-117.87626;59.22641
1637;-117.6902;59.157368
1638;-117.504906;59.088028
1639;-117.3204;59.018402
1640;-117.13667;58.948498
1641;-116.95374;58.878315
1642;-116.77157;58.807846
1643;-116.59016;58.7371
1644;-116.40951;58.666077
1645;-116.22962;58.594776
1646;-116.0505;58.5232
1647;-115.87212;58.451355
1648;-115.69453;58.37924
1649;-115.51769;58.30686
1650;-115.341606;58.234215
1651;-115.166275;58.161304
1652;-114.991684;58.08813
1653;-114.81784;58.01469
1654;-114.64474;57.940987
1655;-114.472374;57.867027
1656;-114.30075;57.792816
1657;-114.12987;57.71835
1658;-113.95972;57.643635
1659;-113.7903;57.568672
1660;-113.6216;57.49346
1661;-113.45362;57.418003
1662;-113.28638;57.3423
1663;-113.11985;57.266354
1664;-112.95403;57.19016
1665;-112.788925;57.113724
1666;-112.624535;57.037052
1667;-112.46085;56.960148
1668;-112.297874;56.883015
1669;-112.135605;56.80564
1670;-111.97404;56.72804
1671;-111.813156;56.650204
1672;-111.65298;56.572136
1673;-111.49348;56.49384
1674;-111.33466;56.41532
1675;-111.17655;56.336586
1676;-111.01912;56.25763
1677;-110.862366;56.178444
1678;-110.70628;56.099033
1679;-110.55088;56.01941
1680;-110.39614;55.93957
1681;-110.24207;55.859528
1682;-110.08867;55.779263
1683;-109.935936;55.69879
1684;-109.783875;55.61811
1685;-109.63245;55.537216
1686;-109.48165;55.45611
1687;-109.331505;55.374798
1688;-109.18202;55.293285
1689;-109.033195;55.211567
1690;-108.88501;55.12965
1691;-108.73744;55.047543
1692;-108.59052;54.96525
1693;-108.44423;54.882744
1694;-108.29856;54.80003
1695;-108.15351;54.71712
1696;-108.0091;54.63402
1697;-107.86531;54.550724
1698;-107.72214;54.46724
1699;-107.579575;54.38358
1700;-107.43763;54.299732
1701;-107.29628;54.215694
1702;-107.15552;54.131466
1703;-107.01536;54.047054
1704;-106.87582;53.962463
1705;-106.736885;53.877697
1706;-106.59853;53.79275
1707;-106.460754;53.707615
1708;-106.32355;53.622303
1709;-106.18694;53.536816
1710;-106.05094;53.451168
1711;-105.91551;53.365345
1712;-105.78065;53.279343
1713;-105.646355;53.193165
1714;-105.51263;53.10682
1715;-105.37947;53.020298
1716;-105.24688;52.933605
1717;-105.11484;52.846752
1718;-104.98335;52.75974
1719;-104.85242;52.672558
1720;-104.72204;52.58521
1721;-104.5922;52.497696
1722;-104.462906;52.410027
1723;-104.334175;52.322197
1724;-104.205986;52.23421
1725;-104.07832;52.146065
1726;-103.95118;52.057777
1727;-103.82458;51.96933
1728;-103.6985;51.88072
1729;-103.57297;51.79196
1730;-103.447945;51.70305
1731;-103.32343;51.613976
1732;-103.19944;51.52475
1733;-103.075966;51.435383
1734;-102.953;51.345875
1735;-102.83054;51.25622
1736;-102.708595;51.166416
1737;-102.58714;51.076458
1738;-102.466194;50.986362
1739;-102.34574;50.89612
1740;-102.22578;50.805737
1741;-102.106316;50.715214
1742;-101.98734;50.624557
1743;-101.86886;50.53376
1744;-101.750854;50.442818
1745;-101.63333;50.35173
1746;-101.51628;50.260513
1747;-101.399704;50.169174
1748;-101.28359;50.077705
1749;-101.16796;49.98609
1750;-101.0528;49.894333
1751;-100.93811;49.802444
1752;-100.82388;49.710438
1753;-100.710106;49.61831
1754;-100.59679;49.52605
1755;-100.483925;49.433647
1756;-100.37151;49.341118
1757;-100.25955;49.24847
1758;-100.14803;49.1557
1759;-100.03696;49.062805
1760;-99.92633;48.969784
1761;-99.816154;48.876637
1762;-99.706406;48.783363
1763;-99.59709;48.68998
1764;-99.488205;48.59647
1765;-99.37975;48.502842
1766;-99.27172;48.4091
1767;-99.164116;48.315235
1768;-99.05693;48.221252
1769;-98.95017;48.12715
1770;-98.843834;48.032936
1771;-98.7379;47.93861
1772;-98.632385;47.844177
1773;-98.527275;47.749622
1774;-98.42257;47.654945
1775;-98.31827;47.560158
1776;-98.21438;47.465267
1777;-98.11089;47.370266
1778;-98.007805;47.275154
1779;-97.90511;47.179928
1780;-97.80282;47.08459
1781;-97.70091;46.98915
1782;-97.59938;46.8936
1783;-97.498245;46.797943
1784;-97.39749;46.7022
1785;-97.297134;46.606377
1786;-97.19714;46.510433
1787;-97.09754;46.414364
1788;-96.998314;46.318188
1789;-96.89946;46.22192
1790;-96.80097;46.125538
1791;-96.70286;46.029057
1792;-96.60511;45.93249
1793;-96.50773;45.83583
1794;-96.410706;45.739067
1795;-96.31405;45.642197
1796;-96.21775;45.545227
1797;-96.12181;45.448166
1798;-96.02622;45.35102
1799;-95.93098;45.253777
1800;-95.8361;45.156433
1801;-95.74157;45.05899
1802;-95.647385;44.96146
1803;-95.55354;44.863834
1804;-95.46004;44.766113
1805;-95.366875;44.66831
1806;-95.27404;44.570408
1807;-95.18155;44.47242
1808;-95.0894;44.37434
1809;-94.99759;44.276173
1810;-94.906105;44.177914
1811;-94.81495;44.07958
1812;-94.72411;43.981155
1813;-94.633606;43.882637
1814;-94.54342;43.784008
1815;-94.45356;43.6853
1816;-94.36401;43.586525
1817;-94.27477;43.487675
1818;-94.18586;43.388737
1819;-94.09727;43.289703
1820;-94.00899;43.19059
1821;-93.92101;43.091396
1822;-93.833336;42.992115
1823;-93.745964;42.892754
1824;-93.658905;42.79331
1825;-93.57216;42.693787
1826;-93.4857;42.594185
1827;-93.39955;42.49452
1828;-93.3137;42.39478
1829;-93.228134;42.29495
1830;-93.14287;42.195034
1831;-93.05789;42.095043
1832;-92.973206;41.994972
1833;-92.88882;41.894814
1834;-92.80471;41.794586
1835;-92.72088;41.69429
1836;-92.63733;41.59392
1837;-92.55407;41.493477
1838;-92.47109;41.392963
1839;-92.3884;41.292377
1840;-92.30598;41.19171
1841;-92.22383;41.090973
1842;-92.14196;40.99016
1843;-92.060356;40.88929
1844;-91.97903;40.788353
1845;-91.89797;40.687332
1846;-91.81718;40.586227
1847;-91.73666;40.485058
1848;-91.656395;40.38382
1849;-91.576385;40.28251
1850;-91.49664;40.181133
1851;-91.417175;40.079693
1852;-91.33797;39.978188
1853;-91.259;39.876614
1854;-91.18028;39.774975
1855;-91.101814;39.673264
1856;-91.023605;39.57149
1857;-90.94565;39.46965
1858;-90.86795;39.36775
1859;-90.7905;39.26578
1860;-90.713295;39.163754
1861;-90.63633;39.06166
1862;-90.559616;38.9595
1863;-90.48314;38.857273
1864;-90.4069;38.754982
1865;-90.33089;38.652622
1866;-90.25511;38.5502
1867;-90.17959;38.447735
1868;-90.104294;38.345215
1869;-90.029236;38.242622
1870;-89.95442;38.13996
1871;-89.87983;38.03724
1872;-89.805466;37.934464
1873;-89.73134;37.831635
1874;-89.65743;37.72874
1875;-89.58374;37.625793
1876;-89.51028;37.52279
1877;-89.437035;37.419716
1878;-89.36402;37.316586
1879;-89.29122;37.213394
1880;-89.21864;37.11015
1881;-89.14627;37.00685
1882;-89.07413;36.903496
1883;-89.0022;36.80009
1884;-88.93048;36.696632
1885;-88.85898;36.593117
1886;-88.787674;36.489536
1887;-88.71659;36.385902
1888;-88.64571;36.282215
1889;-88.57505;36.178474
1890;-88.504585;36.07468
1891;-88.43433;35.97084
1892;-88.36428;35.866943
1893;-88.294426;35.762997
1894;-88.22478;35.659008
1895;-88.155334;35.554966
1896;-88.08608;35.450863
1897;-88.01703;35.34671
1898;-87.94817;35.242504
1899;-87.87952;35.13825
1900;-87.81104;35.03394
1901;-87.742775;34.92958
1902;-87.6747;34.825165
1903;-87.606804;34.720695
1904;-87.53911;34.616188
1905;-87.47159;34.511623
1906;-87.40427;34.407017
1907;-87.337135;34.302364
1908;-87.27019;34.197662
1909;-87.20342;34.092915
1910;-87.136826;33.988125
1911;-87.07042;33.88329
1912;-87.004196;33.778408
1913;-86.93815;33.673485
1914;-86.872284;33.56851
1915;-86.806595;33.463478
1916;-86.74109;33.358402
1917;-86.67576;33.25328
1918;-86.610596;33.14811
1919;-86.545616;33.042892
1920;-86.4808;32.937637
1921;-86.41615;32.83234
1922;-86.351685;32.727
1923;-86.28738;32.62163
1924;-86.22324;32.516224
1925;-86.15928;32.41076
1926;-86.095474;32.305233
1927;-86.031845;32.199665
1928;-85.96837;32.094067
1929;-85.90506;31.988436
1930;-85.84191;31.882755
1931;-85.77893;31.777021
1932;-85.71611;31.671242
1933;-85.65344;31.565432
1934;-85.59094;31.459593
1935;-85.528595;31.35371
1936;-85.4664;31.247778
1937;-85.404366;31.141798
1938;-85.34248;31.035784
1939;-85.280754;30.929731
1940;-85.219185;30.823643
1941;-85.15776;30.717514
1942;-85.0965;30.611347
1943;-85.03538;30.50514
1944;-84.9744;30.3989
1945;-84.91358;30.29262
1946;-84.852905;30.186304
1947;-84.79237;30.079937
1948;-84.73199;29.973532
1949;-84.671745;29.867098
1950;-84.61165;29.760632
1951;-84.5517;29.654129
1952;-84.49188;29.547585
1953;-84.43221;29.441006
1954;-84.37268;29.334389
1955;-84.31329;29.227743
1956;-84.25405;29.121061
1957;-84.19494;29.01434
1958;-84.135956;28.907589
1959;-84.07711;28.800798
1960;-84.01841;28.693964
1961;-83.95984;28.587076
1962;-83.901405;28.480167
1963;-83.8431;28.373251
1964;-83.784935;28.266308
1965;-83.72689;28.159311
1966;-83.668976;28.052263
1967;-83.61118;27.945179
1968;-83.553535;27.83808
1969;-83.496025;27.730951
1970;-83.43863;27.623787
1971;-83.381355;27.516586
1972;-83.32419;27.409353
1973;-83.267166;27.302088
1974;-83.21027;27.194788
1975;-83.1535;27.087456
1976;-83.096855;26.980097
1977;-83.04034;26.872707
1978;-82.98393;26.765287
1979;-82.92765;26.657833
1980;-82.8715;26.550348
1981;-82.81545;26.442831
1982;-82.75952;26.335287
1983;-82.703705;26.22771
1984;-82.64801;26.120104
1985;-82.59243;26.01246
1986;-82.536964;25.90479
1987;-82.48162;25.797096
1988;-82.426384;25.689377
1989;-82.37126;25.581625
1990;-82.316246;25.473846
1991;-82.26134;25.36604
1992;-82.20655;25.258204
1993;-82.15187;25.150345
1994;-82.097305;25.042452
1995;-82.04284;24.934515
1996;-81.98849;24.826548
1997;-81.934235;24.718565
1998;-81.880104;24.610558
1999;-81.82607;24.502525
2000;-81.77215;24.394463
2001;-81.71833;24.286375
2002;-81.66462;24.178263
2003;-81.611;24.070118
2004;-81.55749;23.96195
2005;-81.504074;23.853752
2006;-81.45076;23.74553
2007;-81.39755;23.637281
2008;-81.344444;23.52901
2009;-81.29143;23.420717
2010;-81.23852;23.312395
2011;-81.18571;23.204042
2012;-81.132996;23.095661
2013;-81.080376;22.987259
2014;-81.02785;22.878834
2015;-80.97541;22.770386
2016;-80.92307;22.661913
2017;-80.87084;22.553421
2018;-80.818695;22.4449
2019;-80.76665;22.336353
2020;-80.7147;22.22778
2021;-80.66283;22.119183
2022;-80.611046;22.010563
2023;-80.55935;21.901915
2024;-80.50775;21.793251
2025;-80.456245;21.684565
2026;-80.40482;21.575855
2027;-80.35349;21.467125
2028;-80.302246;21.358376
2029;-80.25108;21.249596
2030;-80.20002;21.140787
2031;-80.14903;21.031956
2032;-80.09814;20.923107
2033;-80.04731;20.814238
2034;-79.996574;20.705345
2035;-79.94592;20.596441
2036;-79.89535;20.487514
2037;-79.84486;20.378561
2038;-79.794464;20.269583
2039;-79.744156;20.160583
2040;-79.69392;20.051569
2041;-79.64375;19.942537
2042;-79.593666;19.833483
2043;-79.543655;19.7244
2044;-79.49372;19.615295
2045;-79.44387;19.506176
2046;-79.3941;19.397043
2047;-79.3444;19.287891
2048;-79.294785;19.17871
2049;-79.24524;19.06951
2050;-79.19577;18.96029
2051;-79.14638;18.851053
2052;-79.09706;18.7418
2053;-79.04781;18.632526
2054;-78.998634;18.523235
2055;-78.949524;18.413927
2056;-78.90049;18.304596
2057;-78.85153;18.195248
2058;-78.802635;18.085878
2059;-78.75383;17.976488
2060;-78.70509;17.867075
2061;-78.65642;17.75765
2062;-78.6078;17.648207
2063;-78.55926;17.538746
2064;-78.51077;17.429274
2065;-78.46235;17.319792
2066;-78.413994;17.210289
2067;-78.365715;17.10076
2068;-78.317505;16.991215
2069;-78.26936;16.881653
2070;-78.22128;16.772078
2071;-78.17326;16.662483
2072;-78.125305;16.552872
2073;-78.07741;16.443243
2074;-78.02957;16.333595
2075;-77.9818;16.22394
2076;-77.93408;16.114267
2077;-77.88644;16.00458
2078;-77.838844;15.894872
2079;-77.79132;15.785149
2080;-77.74385;15.675409
2081;-77.696434;15.565656
2082;-77.64908;15.455887
2083;-77.60178;15.346105
2084;-77.55454;15.236307
2085;-77.507355;15.126492
2086;-77.46023;15.016664
2087;-77.413155;14.906819
2088;-77.36614;14.796965
2089;-77.31919;14.687098
2090;-77.272285;14.577213
2091;-77.22543;14.46731
2092;-77.178635;14.357396
2093;-77.13189;14.247469
2094;-77.085205;14.13753
2095;-77.038574;14.027579
2096;-76.99199;13.917607
2097;-76.94545;13.80762
2098;-76.898964;13.697622
2099;-76.85253;13.587612
2100;-76.806145;13.477589
2101;-76.7598;13.367555
2102;-76.71352;13.257511
2103;-76.66728;13.147457
2104;-76.621086;13.037383
2105;-76.57495;12.927295
2106;-76.528854;12.817198
2107;-76.48281;12.707087
2108;-76.43681;12.596966
2109;-76.39086;12.486832
2110;-76.34494;12.376696
2111;-76.299065;12.266543
2112;-76.253235;12.156374
2113;-76.20746;12.046187
2114;-76.16172;11.935994
2115;-76.11603;11.825799
2116;-76.070366;11.715593
2117;-76.02476;11.60537
2118;-75.9792;11.495128
2119;-75.933685;11.384877
2120;-75.8882;11.274622
2121;-75.84276;11.164361
2122;-75.79735;11.054085
2123;-75.75199;10.943794
2124;-75.706665;10.833494
2125;-75.66138;10.723186
2126;-75.61613;10.612874
2127;-75.570915;10.50255
2128;-75.52574;10.392212
2129;-75.4806;10.281862
2130;-75.43549;10.171504
2131;-75.390434;10.061139
2132;-75.345406;9.950767
2133;-75.300415;9.840382
2134;-75.255455;9.729984
2135;-75.21053;9.619577
2136;-75.16565;9.509163
2137;-75.1208;9.398738
2138;-75.07597;9.288304
2139;-75.03119;9.177864
2140;-74.986435;9.067411
2141;-74.94172;8.956955
2142;-74.897026;8.846494
2143;-74.85236;8.736023
2144;-74.80773;8.625544
2145;-74.76312;8.515063
2146;-74.71855;8.404569
2147;-74.67401;8.294053
2148;-74.6295;8.183527
2149;-74.585014;8.073004
2150;-74.540565;7.962483
2151;-74.49614;7.8519516
2152;-74.45174;7.741409
2153;-74.40737;7.6308537
2154;-74.36303;7.520294
2155;-74.3187;7.409738
2156;-74.27441;7.2991786
2157;-74.23013;7.188604
2158;-74.18589;7.078013
2159;-74.14167;6.9674187
2160;-74.09747;6.856822
2161;-74.053314;6.746222
2162;-74.00917;6.635615
2163;-73.96504;6.525
2164;-73.92094;6.41438
2165;-73.87686;6.303755
2166;-73.8328;6.19312
2167;-73.788765;6.0824804
2168;-73.74475;5.9718356
2169;-73.70076;5.8611827
2170;-73.65679;5.7505283
2171;-73.61284;5.6398716
2172;-73.5689;5.5292115
2173;-73.52499;5.4185443
2174;-73.481094;5.307872
2175;-73.43722;5.197193
2176;-73.39336;5.0865064
2177;-73.34951;4.9758105
2178;-73.30568;4.8651114
2179;-73.26188;4.754413
2180;-73.21809;4.6437073
2181;-73.17431;4.5330005
2182;-73.13055;4.42229
2183;-73.08679;4.311575
2184;-73.04307;4.2008553
2185;-72.99936;4.0901327
2186;-72.95566;3.9794064
2187;-72.91197;3.8686795
2188;-72.86829;3.7579505
2189;-72.82463;3.647213
2190;-72.78098;3.5364687
2191;-72.73735;3.4257205
2192;-72.693726;3.3149774
2193;-72.6501;3.2042341
2194;-72.60649;3.0934854
2195;-72.562904;2.982725
2196;-72.519325;2.8719602
2197;-72.47575;2.761198
2198;-72.43219;2.6504347
2199;-72.38864;2.5396698
2200;-72.34509;2.4289017
2201;-72.30156;2.3181396
2202;-72.258026;2.2073689
2203;-72.2145;2.0965953
2204;-72.17099;1.9858187
2205;-72.12748;1.8750398
2206;-72.083984;1.7642558
2207;-72.0405;1.6534702
2208;-71.99701;1.5426872
2209;-71.95353;1.4319031
2210;-71.91005;1.3211181
2211;-71.86658;1.2103249
2212;-71.823105;1.099529
2213;-71.77963;0.98873645
2214;-71.736176;0.87795126
2215;-71.69272;0.7671652
2216;-71.649254;0.6563712
2217;-71.6058;0.5455685
2218;-71.56234;0.43477064
2219;-71.51889;0.32397923
2220;-71.47543;0.21318565
2221;-71.431984;0.102393836
2222;-71.388535;-0.008401235
2223;-71.345085;-0.11919354
2224;-71.301636;-0.22998711
2225;-71.25819;-0.34077904
2226;-71.21474;-0.451573
2227;-71.17128;-0.56236273
2228;-71.127815;-0.67315245
2229;-71.08436;-0.783943
2230;-71.0409;-0.8947426
2231;-70.997444;-1.0055431
2232;-70.95398;-1.1163305
2233;-70.91051;-1.2271132
2234;-70.867035;-1.3378987
2235;-70.823555;-1.448685
2236;-70.78007;-1.55947
2237;-70.73657;-1.6702552
2238;-70.69308;-1.7810371
2239;-70.649574;-1.891819
2240;-70.606064;-2.002598
2241;-70.56255;-2.1133754
2242;-70.51903;-2.2241547
2243;-70.475494;-2.3349273
2244;-70.43195;-2.4456975
2245;-70.388405;-2.5564663
2246;-70.34486;-2.6672306
2247;-70.3013;-2.7779913
2248;-70.25772;-2.8887556
2249;-70.214134;-2.9995174
2250;-70.17053;-3.1102753
2251;-70.12693;-3.2210348
2252;-70.08331;-3.3317919
2253;-70.03969;-3.442543
2254;-69.99605;-3.5532894
2255;-69.9524;-3.6640353
2256;-69.90873;-3.774772
2257;-69.865036;-3.885505
2258;-69.82134;-3.9962337
2259;-69.77764;-4.106967
2260;-69.73394;-4.2176976
2261;-69.69021;-4.32842
2262;-69.646454;-4.439135
2263;-69.60268;-4.5498457
2264;-69.5589;-4.6605563
2265;-69.515114;-4.7712593
2266;-69.471306;-4.8819604
2267;-69.427475;-4.9926596
2268;-69.38363;-5.1033554
2269;-69.33977;-5.214044
2270;-69.295876;-5.3247304
2271;-69.25197;-5.435412
2272;-69.20805;-5.5460873
2273;-69.164116;-5.656763
2274;-69.12016;-5.7674294
2275;-69.07618;-5.878082
2276;-69.03219;-5.9887233
2277;-68.98817;-6.099369
2278;-68.94412;-6.2100153
2279;-68.900055;-6.3206577
2280;-68.85597;-6.4312854
2281;-68.811874;-6.541903
2282;-68.767746;-6.6525187
2283;-68.72359;-6.763132
2284;-68.6794;-6.8737426
2285;-68.6352;-6.984344
2286;-68.59099;-7.094943
2287;-68.54675;-7.2055364
2288;-68.50247;-7.316117
2289;-68.45816;-7.426686
2290;-68.413826;-7.537252
2291;-68.36948;-7.6478148
2292;-68.3251;-7.7583714
2293;-68.28069;-7.8689218
2294;-68.23626;-7.979461
2295;-68.1918;-8.089996
2296;-68.147316;-8.200522
2297;-68.102806;-8.311047
2298;-68.05826;-8.42156
2299;-68.01368;-8.532061
2300;-67.96907;-8.642552
2301;-67.92443;-8.753038
2302;-67.87976;-8.863516
2303;-67.83505;-8.973986
2304;-67.79032;-9.084451
2305;-67.74556;-9.194907
2306;-67.70077;-9.305356
2307;-67.65593;-9.415785
2308;-67.61105;-9.526203
2309;-67.56616;-9.636622
2310;-67.52125;-9.747043
2311;-67.476295;-9.857453
2312;-67.43129;-9.967845
2313;-67.38623;-10.078224
2314;-67.34115;-10.188595
2315;-67.29605;-10.298963
2316;-67.25092;-10.40932
2317;-67.20574;-10.519668
2318;-67.16052;-10.630004
2319;-67.115265;-10.74033
2320;-67.06997;-10.850645
2321;-67.02464;-10.96095
2322;-66.97927;-11.071244
2323;-66.93386;-11.181537
2324;-66.888405;-11.291823
2325;-66.84291;-11.402087
2326;-66.79738;-11.512339
2327;-66.75181;-11.622577
2328;-66.70619;-11.732809
2329;-66.66053;-11.843031
2330;-66.61483;-11.953243
2331;-66.56908;-12.063439
2332;-66.52328;-12.173623
2333;-66.47745;-12.283799
2334;-66.43158;-12.393979
2335;-66.38566;-12.504147
2336;-66.33969;-12.6142845
2337;-66.29368;-12.724403
2338;-66.24761;-12.834514
2339;-66.20151;-12.944624
2340;-66.15535;-13.054725
2341;-66.109146;-13.164807
2342;-66.06289;-13.274876
2343;-66.01659;-13.3849325
2344;-65.97024;-13.494971
2345;-65.92384;-13.604992
2346;-65.877396;-13.715006
2347;-65.830894;-13.825001
2348;-65.78434;-13.934984
2349;-65.73774;-14.044958
2350;-65.691086;-14.154928
2351;-65.64439;-14.264886
2352;-65.59763;-14.374825
2353;-65.55083;-14.484752
2354;-65.50396;-14.594664
2355;-65.45705;-14.704556
2356;-65.41008;-14.814432
2357;-65.36305;-14.9243
2358;-65.31596;-15.034154
2359;-65.26882;-15.143997
2360;-65.22163;-15.253818
2361;-65.17438;-15.363621
2362;-65.12707;-15.473411
2363;-65.0797;-15.583197
2364;-65.03227;-15.692971
2365;-64.98479;-15.80272
2366;-64.93724;-15.912443
2367;-64.889626;-16.022152
2368;-64.841965;-16.131855
2369;-64.79424;-16.241545
2370;-64.74646;-16.351217
2371;-64.69861;-16.460875
2372;-64.650696;-16.570518
2373;-64.60272;-16.680141
2374;-64.55469;-16.78974
2375;-64.5066;-16.89932
2376;-64.458435;-17.008892
2377;-64.41021;-17.11845
2378;-64.361916;-17.227987
2379;-64.313545;-17.337513
2380;-64.26511;-17.44702
2381;-64.21661;-17.556505
2382;-64.16806;-17.665966
2383;-64.11944;-17.775412
2384;-64.07074;-17.884848
2385;-64.02196;-17.994272
2386;-63.97311;-18.103674
2387;-63.924206;-18.213055
2388;-63.87523;-18.322416
2389;-63.82618;-18.431757
2390;-63.777054;-18.541075
2391;-63.727856;-18.650375
2392;-63.678593;-18.75966
2393;-63.62926;-18.868923
2394;-63.57985;-18.97817
2395;-63.530365;-19.087404
2396;-63.480804;-19.19662
2397;-63.431164;-19.305815
2398;-63.381454;-19.414982
2399;-63.33166;-19.524134
2400;-63.28179;-19.633265
2401;-63.231842;-19.742374
2402;-63.18182;-19.851465
2403;-63.131718;-19.960543
2404;-63.081535;-20.069601
2405;-63.031273;-20.178633
2406;-62.980934;-20.287634
2407;-62.93051;-20.396616
2408;-62.880005;-20.505583
2409;-62.82941;-20.61453
2410;-62.778736;-20.723455
2411;-62.727985;-20.832354
2412;-62.67715;-20.941229
2413;-62.62623;-21.050087
2414;-62.575226;-21.158928
2415;-62.524136;-21.267746
2416;-62.472958;-21.376537
2417;-62.42169;-21.485308
2418;-62.37034;-21.594055
2419;-62.318893;-21.702776
2420;-62.26736;-21.811472
2421;-62.21574;-21.92015
2422;-62.164024;-22.028816
2423;-62.11222;-22.137459
2424;-62.060333;-22.246069
2425;-62.008358;-22.354652
2426;-61.956287;-22.463211
2427;-61.90411;-22.571743
2428;-61.85184;-22.680248
2429;-61.79948;-22.788733
2430;-61.747032;-22.897203
2431;-61.69449;-23.005646
2432;-61.64184;-23.114063
2433;-61.5891;-23.222456
2434;-61.53626;-23.330824
2435;-61.48332;-23.43916
2436;-61.43028;-23.54747
2437;-61.377144;-23.655756
2438;-61.323917;-23.764013
2439;-61.270588;-23.872244
2440;-61.21715;-23.980452
2441;-61.16361;-24.088633
2442;-61.109962;-24.196787
2443;-61.056217;-24.304916
2444;-61.00237;-24.413017
2445;-60.948414;-24.521095
2446;-60.89435;-24.629156
2447;-60.84017;-24.737188
2448;-60.785908;-24.84518
2449;-60.731533;-24.95315
2450;-60.67705;-25.06109
2451;-60.622456;-25.16901
2452;-60.56775;-25.276909
2453;-60.512936;-25.384768
2454;-60.458;-25.49259
2455;-60.402954;-25.600386
2456;-60.3478;-25.70815
2457;-60.292538;-25.81588
2458;-60.23716;-25.923584
2459;-60.181664;-26.031263
2460;-60.126053;-26.138908
2461;-60.070328;-26.246529
2462;-60.014484;-26.354122
2463;-59.958523;-26.461687
2464;-59.902447;-26.56922
2465;-59.84626;-26.67673
2466;-59.789948;-26.7842
2467;-59.7335;-26.89164
2468;-59.676933;-26.999046
2469;-59.620247;-27.10642
2470;-59.56345;-27.213758
2471;-59.50653;-27.321062
2472;-59.44948;-27.428343
2473;-59.392307;-27.535593
2474;-59.335007;-27.64281
2475;-59.277576;-27.749998
2476;-59.22002;-27.857153
2477;-59.16234;-27.96427
2478;-59.10452;-28.071362
2479;-59.046574;-28.178417
2480;-58.988503;-28.285429
2481;-58.9303;-28.392399
2482;-58.871967;-28.49934
2483;-58.813484;-28.606264
2484;-58.754868;-28.713156
2485;-58.696125;-28.820005
2486;-58.63726;-28.926805
2487;-58.578255;-29.033575
2488;-58.519108;-29.140312
2489;-58.459816;-29.247011
2490;-58.40039;-29.353678
2491;-58.340824;-29.460312
2492;-58.281116;-29.566914
2493;-58.22127;-29.673473
2494;-58.16128;-29.779991
2495;-58.101147;-29.886473
2496;-58.040867;-29.99293
2497;-57.980434;-30.09936
2498;-57.91986;-30.205748
2499;-57.85915;-30.31208
2500;-57.79829;-30.418379
2501;-57.73728;-30.52464
2502;-57.676132;-30.63085
2503;-57.614826;-30.737024
2504;-57.553364;-30.84317
2505;-57.491737;-30.949286
2506;-57.429962;-31.055355
2507;-57.368046;-31.161385
2508;-57.305973;-31.267372
2509;-57.243744;-31.373316
2510;-57.18137;-31.479181
2511;-57.118835;-31.58501
2512;-57.05613;-31.690836
2513;-56.993267;-31.796627
2514;-56.93024;-31.902372
2515;-56.86705;-32.008068
2516;-56.803696;-32.11372
2517;-56.740177;-32.219334
2518;-56.676495;-32.32491
2519;-56.612648;-32.43044
2520;-56.548637;-32.535927
2521;-56.484463;-32.641373
2522;-56.420113;-32.746777
2523;-56.355595;-32.85213
2524;-56.29091;-32.957443
2525;-56.226048;-33.062714
2526;-56.161015;-33.167946
2527;-56.095802;-33.273132
2528;-56.030422;-33.37826
2529;-55.964863;-33.483337
2530;-55.899128;-33.58837
2531;-55.83322;-33.693375
2532;-55.76714;-33.798336
2533;-55.700867;-33.90324
2534;-55.6344;-34.0081
2535;-55.567757;-34.112907
2536;-55.500935;-34.21767
2537;-55.433933;-34.32238
2538;-55.36675;-34.427044
2539;-55.299374;-34.53167
2540;-55.231815;-34.636246
2541;-55.164066;-34.74077
2542;-55.096127;-34.84523
2543;-55.027996;-34.949642
2544;-54.959667;-35.054016
2545;-54.891144;-35.15834
2546;-54.82243;-35.262615
2547;-54.75352;-35.36684
2548;-54.684418;-35.47102
2549;-54.615116;-35.575138
2550;-54.54562;-35.6792
2551;-54.475925;-35.78321
2552;-54.406017;-35.887173
2553;-54.335903;-35.991093
2554;-54.265587;-36.094955
2555;-54.195076;-36.198757
2556;-54.124363;-36.302505
2557;-54.053432;-36.406204
2558;-53.982277;-36.50986
2559;-53.91092;-36.61346
2560;-53.839355;-36.717
2561;-53.76759;-36.82048
2562;-53.695602;-36.923904
2563;-53.623398;-37.02727
2564;-53.550976;-37.13058
2565;-53.478336;-37.233837
2566;-53.405483;-37.337036
2567;-53.33241;-37.440178
2568;-53.259106;-37.543262
2569;-53.185574;-37.64629
2570;-53.111824;-37.74926
2571;-53.037846;-37.85217
2572;-52.963646;-37.955013
2573;-52.889214;-38.057808
2574;-52.814552;-38.16055
2575;-52.73966;-38.26323
2576;-52.664536;-38.36584
2577;-52.589184;-38.468384
2578;-52.51359;-38.57087
2579;-52.437767;-38.67329
2580;-52.361702;-38.775646
2581;-52.285397;-38.87795
2582;-52.20885;-38.98021
2583;-52.132065;-39.0824
2584;-52.05503;-39.184513
2585;-51.977753;-39.286552
2586;-51.900227;-39.38853
2587;-51.822453;-39.490444
2588;-51.744427;-39.59229
2589;-51.66615;-39.694073
2590;-51.58763;-39.795803
2591;-51.508858;-39.89747
2592;-51.429817;-39.999058
2593;-51.350513;-40.100582
2594;-51.270958;-40.20204
2595;-51.191147;-40.303417
2596;-51.111073;-40.404724
2597;-51.030735;-40.505966
2598;-50.95014;-40.607155
2599;-50.86928;-40.708267
2600;-50.788143;-40.809307
2601;-50.70673;-40.91028
2602;-50.62505;-41.011177
2603;-50.543106;-41.112007
2604;-50.460884;-41.21277
2605;-50.378384;-41.31345
2606;-50.295593;-41.41406
2607;-50.21252;-41.514595
2608;-50.129185;-41.61505
2609;-50.045567;-41.71543
2610;-49.961662;-41.815742
2611;-49.877476;-41.915974
2612;-49.793;-42.016132
2613;-49.708233;-42.116215
2614;-49.623173;-42.216217
2615;-49.537823;-42.316143
2616;-49.452175;-42.41599
2617;-49.36623;-42.515755
2618;-49.279987;-42.615444
2619;-49.19345;-42.715057
2620;-49.106613;-42.814598
2621;-49.01947;-42.914055
2622;-48.93202;-43.013428
2623;-48.844257;-43.112717
2624;-48.75619;-43.211926
2625;-48.66782;-43.31105
2626;-48.579132;-43.41009
2627;-48.490124;-43.50905
2628;-48.4008;-43.607914
2629;-48.31116;-43.706703
2630;-48.221207;-43.805405
2631;-48.130936;-43.90402
2632;-48.04033;-44.00255
2633;-47.94939;-44.10099
2634;-47.85813;-44.199345
2635;-47.76655;-44.29762
2636;-47.674637;-44.39581
2637;-47.582386;-44.4939
2638;-47.489803;-44.5919
2639;-47.39688;-44.689808
2640;-47.30362;-44.787624
2641;-47.210026;-44.885353
2642;-47.11608;-44.98299
2643;-47.02179;-45.080532
2644;-46.92715;-45.17798
2645;-46.832165;-45.275333
2646;-46.736828;-45.37259
2647;-46.641132;-45.46975
2648;-46.545086;-45.566814
2649;-46.448673;-45.66379
2650;-46.35191;-45.760666
2651;-46.25478;-45.857445
2652;-46.15729;-45.95412
2653;-46.059433;-46.0507
2654;-45.961212;-46.147182
2655;-45.862617;-46.24357
2656;-45.76365;-46.339844
2657;-45.66431;-46.436012
2658;-45.56459;-46.53208
2659;-45.46449;-46.62805
2660;-45.364;-46.723923
2661;-45.263138;-46.81968
2662;-45.161896;-46.915337
2663;-45.060265;-47.010883
2664;-44.958244;-47.106327
2665;-44.855835;-47.201668
2666;-44.75303;-47.296898
2667;-44.64981;-47.392014
2668;-44.54619;-47.487015
2669;-44.442173;-47.581913
2670;-44.33776;-47.6767
2671;-44.232937;-47.77138
2672;-44.12771;-47.865944
2673;-44.022068;-47.960392
2674;-43.91601;-48.05473
2675;-43.809536;-48.148952
2676;-43.702644;-48.243057
2677;-43.59533;-48.337044
2678;-43.4876;-48.430904
2679;-43.379436;-48.524647
2680;-43.27085;-48.61828
2681;-43.161835;-48.711792
2682;-43.052387;-48.805183
2683;-42.942505;-48.898453
2684;-42.832184;-48.991604
2685;-42.72142;-49.08463
2686;-42.610218;-49.177536
2687;-42.49857;-49.270317
2688;-42.386467;-49.362965
2689;-42.273903;-49.455482
2690;-42.160892;-49.547874
2691;-42.04744;-49.64014
2692;-41.93353;-49.732277
2693;-41.819157;-49.824287
2694;-41.704323;-49.916183
2695;-41.589024;-50.007946
2696;-41.47325;-50.09956
2697;-41.35701;-50.191036
2698;-41.24029;-50.282383
2699;-41.123085;-50.37359
2700;-41.00539;-50.464657
2701;-40.88723;-50.55559
2702;-40.7686;-50.646404
2703;-40.64948;-50.737076
2704;-40.529858;-50.82759
2705;-40.40974;-50.91796
2706;-40.289127;-51.008194
2707;-40.16802;-51.09829
2708;-40.046406;-51.188244
2709;-39.924297;-51.278046
2710;-39.801685;-51.367702
2711;-39.678562;-51.457214
2712;-39.55493;-51.546574
2713;-39.430798;-51.63579
2714;-39.306133;-51.724854
2715;-39.180935;-51.813763
2716;-39.055206;-51.902515
2717;-38.92896;-51.991123
2718;-38.802197;-52.079567
2719;-38.674904;-52.167854
2720;-38.547062;-52.255997
2721;-38.41868;-52.34398
2722;-38.289753;-52.431805
2723;-38.160305;-52.519463
2724;-38.03031;-52.606964
2725;-37.899765;-52.694298
2726;-37.768658;-52.781475
2727;-37.636993;-52.868484
2728;-37.504772;-52.955326
2729;-37.371994;-53.042
2730;-37.238647;-53.12851
2731;-37.10473;-53.214848
2732;-36.970238;-53.30101
2733;-36.835182;-53.387005
2734;-36.699554;-53.472824
2735;-36.563347;-53.558475
2736;-36.42656;-53.64395
2737;-36.289196;-53.729256
2738;-36.151237;-53.814377
2739;-36.01269;-53.89932
2740;-35.873554;-53.98408
2741;-35.73381;-54.06866
2742;-35.593468;-54.153057
2743;-35.452526;-54.237267
2744;-35.31097;-54.321297
2745;-35.168804;-54.405136
2746;-35.02603;-54.48879
2747;-34.88265;-54.572247
2748;-34.738644;-54.65551
2749;-34.594025;-54.738586
2750;-34.448776;-54.821465
2751;-34.302902;-54.904152
2752;-34.156406;-54.986645
2753;-34.009277;-55.068947
2754;-33.86151;-55.151043
2755;-33.71311;-55.232944
2756;-33.56408;-55.314648
2757;-33.414383;-55.39614
2758;-33.264015;-55.47742
2759;-33.113;-55.5585
2760;-32.961346;-55.639366
2761;-32.809036;-55.720024
2762;-32.656067;-55.800472
2763;-32.502445;-55.88071
2764;-32.34816;-55.960735
2765;-32.193203;-56.040543
2766;-32.03758;-56.12014
2767;-31.88128;-56.199512
2768;-31.72429;-56.27867
2769;-31.566616;-56.357605
2770;-31.40826;-56.436314
2771;-31.24923;-56.514805
2772;-31.089506;-56.593075
2773;-30.929089;-56.671116
2774;-30.767994;-56.748924
2775;-30.606197;-56.8265
2776;-30.443684;-56.90384
2777;-30.280443;-56.980938
2778;-30.116508;-57.057804
2779;-29.951876;-57.134445
2780;-29.78653;-57.21085
2781;-29.620468;-57.28701
2782;-29.453697;-57.362923
2783;-29.286201;-57.438595
2784;-29.117975;-57.51402
2785;-28.949024;-57.5892
2786;-28.779343;-57.66413
2787;-28.608944;-57.738804
2788;-28.437809;-57.81323
2789;-28.26593;-57.887398
2790;-28.093298;-57.961315
2791;-27.919926;-58.034973
2792;-27.745827;-58.108364
2793;-27.571;-58.181488
2794;-27.395414;-58.254353
2795;-27.219034;-58.326965
2796;-27.041895;-58.399307
2797;-26.864027;-58.471382
2798;-26.685436;-58.543213
2799;-26.506077;-58.61477
2800;-26.325922;-58.68602
2801;-26.14498;-58.75699
2802;-25.963285;-58.82768
2803;-25.780817;-58.898087
2804;-25.597572;-58.968204
2805;-25.413567;-59.03805
2806;-25.228786;-59.107635
2807;-25.043234;-59.17693
2808;-24.85688;-59.24592
2809;-24.66973;-59.314606
2810;-24.481802;-59.383003
2811;-24.293127;-59.451122
2812;-24.103674;-59.51895
2813;-23.913403;-59.58647
2814;-23.72232;-59.653698
2815;-23.530437;-59.72062
2816;-23.337763;-59.787224
2817;-23.144268;-59.853516
2818;-22.949991;-59.9195
2819;-22.754929;-59.98517
2820;-22.559067;-60.05052
2821;-22.362396;-60.115566
2822;-22.164927;-60.180313
2823;-21.966646;-60.244736
2824;-21.767551;-60.308826
2825;-21.567657;-60.372593
2826;-21.366943;-60.436035
2827;-21.16541;-60.499153
2828;-20.963057;-60.56194
2829;-20.759903;-60.62439
2830;-20.555937;-60.68651
2831;-20.351152;-60.74829
2832;-20.145554;-60.809727
2833;-19.939137;-60.87082
2834;-19.731907;-60.931572
2835;-19.52385;-60.991978
2836;-19.314976;-61.052036
2837;-19.105284;-61.111755
2838;-18.894787;-61.17113
2839;-18.68347;-61.230152
2840;-18.471327;-61.288807
2841;-18.258368;-61.347103
2842;-18.044586;-61.40504
2843;-17.829973;-61.462612
2844;-17.614544;-61.519814
2845;-17.398302;-61.576656
2846;-17.18125;-61.63313
2847;-16.963387;-61.68923
2848;-16.744686;-61.744965
2849;-16.525158;-61.80033
2850;-16.304821;-61.855312
2851;-16.08366;-61.9099
2852;-15.861672;-61.9641
2853;-15.638896;-62.017925
2854;-15.415329;-62.07137
2855;-15.190946;-62.124428
2856;-14.965741;-62.177094
2857;-14.739718;-62.229366
2858;-14.512897;-62.281242
2859;-14.285278;-62.33272
2860;-14.056865;-62.383804
2861;-13.827633;-62.43448
2862;-13.597586;-62.484745
2863;-13.366742;-62.534603
2864;-13.135122;-62.584057
2865;-12.902712;-62.6331
2866;-12.66951;-62.681725
2867;-12.435513;-62.729946
2868;-12.200726;-62.777752
2869;-11.965162;-62.82513
2870;-11.728809;-62.87208
2871;-11.491682;-62.918606
2872;-11.253787;-62.96471
2873;-11.015123;-63.010387
2874;-10.775687;-63.05563
2875;-10.535488;-63.10045
2876;-10.29453;-63.14483
2877;-10.052808;-63.18877
2878;-9.81032;-63.232254
2879;-9.567082;-63.275303
2880;-9.323123;-63.31792
2881;-9.078426;-63.360104
2882;-8.832988;-63.401833
2883;-8.586807;-63.44311
2884;-8.339888;-63.48394
2885;-8.0922575;-63.524307
2886;-7.84391;-63.564205
2887;-7.594849;-63.60364
2888;-7.345089;-63.642635
2889;-7.0946555;-63.681175
2890;-6.843499;-63.719242
2891;-6.591622;-63.756836
2892;-6.3390446;-63.79396
2893;-6.085809;-63.830616
2894;-5.8319;-63.86681
2895;-5.5773225;-63.902527
2896;-5.3220906;-63.93776
2897;-5.0662227;-63.972515
2898;-4.8096905;-64.00679
2899;-4.552481;-64.04058
2900;-4.294632;-64.07388
2901;-4.036168;-64.106705
2902;-3.777097;-64.139046
2903;-3.517409;-64.17088
2904;-3.2571106;-64.20224
2905;-2.9962184;-64.2331
2906;-2.734726;-64.263466
2907;-2.472636;-64.29334
2908;-2.209967;-64.322716
2909;-1.9467244;-64.351585
2910;-1.6829122;-64.37995
2911;-1.418551;-64.407814
2912;-1.1536493;-64.43517
2913;-0.8882218;-64.46203
2914;-0.6222528;-64.48837
2915;-0.355726;-64.514206
2916;-0.088669784;-64.53952
2917;0.17885603;-64.56433
2918;0.44686052;-64.588646
2919;0.7153552;-64.61245
2920;0.9843361;-64.63571
2921;1.2537984;-64.658455
2922;1.52371;-64.68067
2923;1.7940743;-64.70238
2924;2.0648863;-64.723564
2925;2.3361142;-64.74422
2926;2.60774;-64.764336
2927;2.8797781;-64.78393
2928;3.1522431;-64.803
2929;3.4251165;-64.82154
2930;3.698363;-64.839554
2931;3.9719658;-64.85705
2932;4.245932;-64.874016
2933;4.5202413;-64.890434
2934;4.794895;-64.90633
2935;5.069874;-64.92168
2936;5.3451695;-64.936485
2937;5.6207623;-64.95076
2938;5.8966637;-64.96449
2939;6.172852;-64.97767
2940;6.449314;-64.9903
2941;6.726045;-65.00241
2942;7.003025;-65.013985
2943;7.28025;-65.02501
2944;7.5576963;-65.0355
2945;7.835354;-65.04545
2946;8.113224;-65.05485
2947;8.391321;-65.06369
2948;8.66961;-65.07199
2949;8.948049;-65.07974
2950;9.226628;-65.08697
2951;9.505353;-65.093636
2952;9.78423;-65.09975
2953;10.063228;-65.10531
2954;10.342347;-65.11032
2955;10.621572;-65.11479
2956;10.900888;-65.11871
2957;11.180274;-65.122086
2958;11.459732;-65.1249
2959;11.739238;-65.12717
2960;12.018784;-65.128876
2961;12.2983465;-65.130035
2962;12.57794;-65.130646