country_name,1970,1971,1972,1973,1974,1975,1976,1977,1978,1979,1980,1981,1982,1983,1984,1985,1986,1987,1988,1989,1990,1991,1992,1993,1994,1995,1996,1997,1998,1999,2000,2001,2002,2003,2004,2005,2006,2007,2008,2009,2010,2011,2012,2013,2014,2015,2016,2017,2018
Afghanistan,"1,47","1,47","1,51","1,47","1,90","1,69","1,61","1,87","1,61","1,74","1,72","2,03","1,96","2,64","2,65","3,35","3,13","2,77","2,66","2,53","2,55","2,46","1,69","1,54","1,28","1,14","1,16","1,15","1,16","1,11","1,09","0,97","0,84","0,66","0,76","1,06","1,16","1,20","2,71","4,25","5,64","6,92","9,66","16,31","10,33","9,80","9,94","10,19","10,4769686400843"
Albania,"4,38","4,37","4,95","4,54","4,74","4,89","5,26","5,54","6,47","7,59","7,69","6,70","6,92","7,42","8,03","7,66","7,74","8,01","7,95","7,82","6,58","4,39","2,38","2,24","2,38","2,11","2,10","1,63","1,95","3,12","3,26","3,47","4,02","4,23","4,42","4,20","4,15","4,26","4,22","4,31","4,59","4,99","4,54","4,66","5,06","4,71","4,69","4,89","4,80246845193707"
Algeria,"18,93","22,31","34,37","46,47","39,29","35,70","46,32","51,29","56,55","56,52","56,59","53,24","54,89","57,45","60,50","69,80","72,64","69,81","70,55","71,01","67,97","72,08","80,00","80,25","77,71","80,30","80,13","78,42","78,48","81,69","84,45","82,71","87,11","93,71","93,25","98,77","104,00","106,54","111,42","114,68","116,41","122,76","132,33","135,76","146,49","156,27","156,33","157,33","165,331981065701"
Angola,"8,95","8,54","10,39","11,37","11,83","10,93","7,32","12,06","14,24","14,20","14,34","13,25","12,79","13,25","13,39","14,14","14,29","14,55","15,00","15,17","11,30","11,85","12,20","12,21","11,57","13,04","15,77","16,50","17,13","18,13","16,61","16,29","16,03","17,45","17,50","16,22","16,94","17,42","19,67","21,49","24,02","24,98","25,22","27,43","29,76","32,74","33,55","32,05","30,0472943330216"
Anguilla,"0,00","0,00","0,00","0,00","0,00","0,00","0,00","0,00","0,00","0,00","0,00","0,01","0,01","0,01","0,01","0,00","0,00","0,01","0,01","0,01","0,01","0,01","0,01","0,01","0,01","0,02","0,02","0,01","0,01","0,01","0,02","0,02","0,01","0,01","0,01","0,01","0,01","0,01","0,02","0,02","0,02","0,03","0,03","0,03","0,03","0,03","0,03","0,03","0,028547565936604"
Antigua and Barbuda,"0,12","0,12","0,14","0,15","0,13","0,16","0,14","0,16","0,16","0,15","0,15","0,13","0,18","0,10","0,14","0,16","0,17","0,22","0,23","0,22","0,22","0,24","0,24","0,23","0,26","0,26","0,26","0,25","0,25","0,26","0,24","0,24","0,24","0,27","0,28","0,28","0,27","0,28","0,29","0,34","0,36","0,35","0,62","0,64","0,57","0,62","0,63","0,64","0,641810290049479"
Argentina,"91,09","91,56","92,64","97,09","96,88","95,51","101,55","105,11","107,05","112,66","109,81","106,63","105,15","106,86","106,57","100,20","110,36","115,15","121,37","119,32","112,44","115,76","119,33","119,74","129,54","129,48","140,54","144,86","148,05","152,23","150,57","140,94","133,08","146,16","162,43","165,48","176,18","183,91","195,96","185,92","191,22","199,30","204,73","201,08","208,89","212,00","213,71","213,71","210,161969293082"
Armenia,"10,92","10,94","11,75","12,81","13,86","15,24","15,75","16,34","16,95","17,61","18,72","19,12","19,64","19,73","19,82","20,06","20,20","20,45","20,46","20,10","20,70","21,56","11,00","5,18","2,88","3,62","2,68","3,43","3,56","3,20","3,66","3,73","3,20","3,57","3,83","4,54","4,58","5,28","5,79","4,65","4,46","5,08","5,87","5,55","5,53","5,01","5,37","5,21","5,78761242182501"
Aruba,"0,02","0,02","0,02","0,03","0,02","0,03","0,02","0,03","0,03","0,03","0,03","0,03","0,03","0,03","0,03","0,03","0,03","0,04","0,23","0,26","0,30","0,36","0,36","0,38","0,37","0,44","0,30","0,46","0,45","0,48","0,45","0,48","0,48","0,48","0,53","0,47","0,49","0,44","0,45","0,47","0,50","0,46","0,80","1,02","0,96","0,96","0,97","0,98","0,98683704367746"
Australia,"160,96","162,27","168,16","177,81","187,02","193,87","196,67","209,90","206,40","212,17","222,38","223,30","229,60","217,94","223,66","238,16","238,60","249,64","258,54","274,18","277,45","279,44","282,72","286,77","292,40","302,45","313,06","322,01","342,81","347,94","353,78","360,33","368,41","372,44","386,61","391,57","397,97","408,45","411,61","417,05","412,83","410,39","408,90","404,41","394,91","401,95","415,38","411,57","415,309658728742"
Austria,"53,98","56,23","58,56","61,84","59,45","57,15","62,34","59,66","61,77","64,22","62,31","59,05","56,91","56,94","58,78","60,17","58,96","59,60","58,19","58,20","62,93","66,65","61,50","61,59","62,18","65,28","69,15","68,82","69,38","67,45","68,10","72,84","74,24","79,30","80,41","81,01","78,84","76,56","76,62","70,01","75,32","73,47","70,76","70,98","67,45","69,06","69,57","72,46","71,4435678038826"
Azerbaijan,"35,19","35,33","37,66","41,16","44,42","49,31","51,83","54,48","57,26","57,23","60,44","62,32","63,71","65,59","67,23","68,58","70,95","73,19","77,12","77,32","58,08","56,39","45,47","38,10","33,86","32,84","27,53","26,80","26,80","26,49","28,07","26,71","26,48","28,96","28,69","30,49","30,91","28,09","31,03","25,94","24,75","28,00","30,65","31,52","32,98","32,70","33,22","31,66","34,7042813913934"
Bahamas,"1,62","1,64","1,87","1,99","1,64","1,77","1,53","1,71","1,78","1,75","1,72","1,69","1,38","1,05","1,06","1,03","1,11","1,33","1,31","1,40","1,52","1,47","1,24","1,25","1,35","1,60","1,80","1,71","1,89","1,76","1,63","1,63","1,62","1,95","2,02","2,07","2,00","1,98","1,38","1,65","1,75","1,73","3,01","3,37","3,14","3,00","3,03","3,06","3,08260857085088"
Bahrain,"2,96","2,98","3,57","4,51","5,32","5,49","5,96","6,57","6,96","7,43","7,53","8,06","8,50","8,83","9,03","9,64","10,96","10,71","11,32","11,40","11,99","11,56","13,60","14,72","14,99","15,22","15,80","16,25","17,24","17,32","17,76","18,40","19,22","19,90","19,92","23,37","25,45","25,85","27,69","27,67","28,84","29,04","29,52","32,05","33,43","33,76","34,37","34,94","34,2321145952308"
Bangladesh,"3,27","3,26","3,43","4,06","4,31","5,12","5,48","5,61","6,02","6,70","7,53","7,35","7,97","7,52","7,87","9,15","10,13","11,07","12,04","13,12","13,87","13,07","14,69","15,54","16,77","20,48","20,80","22,57","23,07","24,62","26,71","31,42","33,10","34,52","36,45","38,84","41,87","44,22","49,86","53,02","58,54","62,13","66,10","68,62","72,09","80,09","83,49","86,22","92,887878905956"
Barbados,"0,29","0,29","0,34","0,36","0,30","0,38","0,34","0,38","0,40","0,38","0,38","0,42","0,40","0,43","0,50","0,65","0,74","0,72","0,71","0,78","0,78","0,82","0,78","0,76","0,71","0,71","0,67","0,80","0,88","0,93","1,65","2,15","2,15","2,35","2,03","2,16","2,17","2,16","2,26","2,31","2,34","2,32","2,83","3,11","3,05","3,17","3,20","3,08","3,31644156288439"
Belarus,"64,18","64,35","69,08","74,84","78,60","87,26","88,48","92,20","95,47","99,98","101,36","105,34","104,91","105,31","104,02","103,84","104,52","104,21","103,00","99,29","109,02","104,97","94,95","82,07","70,12","62,64","63,52","63,84","62,17","59,99","57,81","56,55","56,69","57,25","60,57","61,42","63,93","62,59","65,26","62,63","66,88","64,07","65,03","65,84","65,09","60,45","60,67","61,55","64,2629603340829"
Belgium,"140,36","130,14","141,68","146,55","145,03","127,85","137,63","135,09","139,64","148,89","137,99","126,07","118,33","108,65","111,45","109,02","109,59","109,70","112,03","113,11","116,00","120,00","117,97","116,04","121,29","122,43","127,39","124,17","127,38","123,14","124,88","125,04","118,48","123,47","122,32","118,70","117,49","113,87","115,50","107,85","115,89","105,14","103,79","105,30","99,11","103,97","103,16","103,82","105,751860668205"
Belize,"0,06","0,06","0,07","0,08","0,06","0,08","0,07","0,08","0,08","0,08","0,08","0,08","0,08","0,08","0,09","0,10","0,14","0,11","0,08","0,11","0,19","0,20","0,16","0,15","0,15","0,19","0,15","0,22","0,21","0,25","0,31","0,42","0,41","0,41","0,46","0,44","0,43","0,47","0,26","0,24","0,25","0,25","0,43","0,45","0,42","0,44","0,45","0,44","0,450673415290497"
Benin,"0,32","0,37","0,47","0,49","0,50","0,56","0,38","0,44","0,47","0,52","0,55","0,46","0,53","0,52","0,54","0,63","0,57","0,52","0,47","0,42","0,42","0,37","0,40","0,40","0,41","0,42","1,10","1,39","1,34","1,47","1,57","1,88","2,17","2,43","2,59","2,84","3,90","4,43","4,40","4,72","5,11","5,01","4,76","4,98","5,30","5,99","6,56","7,29","7,53585893195196"
Bermuda,"0,16","0,16","0,19","0,20","0,17","0,21","0,19","0,21","0,22","0,20","0,20","0,19","0,18","0,20","0,23","0,22","0,24","0,37","0,42","0,48","0,34","0,32","0,24","0,27","0,26","0,26","0,30","0,29","0,28","0,29","0,28","0,24","0,28","0,28","0,32","0,28","0,27","0,38","0,26","0,34","0,36","0,35","0,62","0,38","0,38","0,43","0,43","0,44","0,440307453072398"
Bhutan,"0,04","0,04","0,04","0,04","0,05","0,05","0,05","0,05","0,05","0,06","0,06","0,08","0,08","0,08","0,08","0,09","0,09","0,20","0,19","0,17","0,21","0,21","0,20","0,19","0,24","0,35","0,37","0,42","0,44","0,56","0,45","0,42","0,47","0,40","0,32","0,51","0,54","0,47","0,71","1,19","1,32","1,56","1,96","1,27","1,29","1,24","1,43","1,53","1,54645737446994"
Bolivia,"3,07","3,82","4,52","4,21","3,98","4,55","5,14","4,93","5,60","5,03","4,93","5,27","5,53","5,65","5,24","5,03","4,77","4,97","5,28","6,17","6,53","6,80","7,34","8,72","9,17","8,34","7,91","8,66","8,36","7,97","8,27","7,73","8,10","8,86","9,47","9,99","10,76","11,68","12,73","13,52","14,83","16,15","17,99","18,16","19,61","19,67","21,65","22,22","22,8105283788003"
Bosnia and Herzegovina,"15,74","15,78","14,69","16,06","17,30","17,77","16,24","17,62","17,19","16,86","16,66","19,07","20,99","22,41","22,12","22,94","23,22","22,18","21,74","22,11","24,56","21,99","16,28","13,67","3,37","3,58","4,47","8,80","11,11","10,95","14,33","14,14","14,89","15,23","16,09","16,89","18,74","19,73","21,65","21,65","22,19","25,23","23,25","23,16","23,42","23,96","27,43","27,52","27,4358020288496"
Botswana,"0,29","0,29","0,30","0,31","0,31","0,35","0,82","0,92","0,97","1,04","1,14","1,39","1,45","1,42","1,41","1,51","1,74","1,80","2,16","2,38","2,82","2,79","3,40","3,35","3,21","3,34","3,01","3,21","3,83","4,03","4,18","4,05","4,23","4,14","4,15","4,47","4,26","4,49","4,54","4,32","3,50","4,12","5,11","5,53","7,08","7,17","7,08","7,68","7,43190423989859"
Brazil,"110,16","109,67","121,37","138,72","148,55","156,88","174,99","182,67","196,61","209,68","210,04","194,68","193,75","182,80","187,29","195,41","218,63","223,12","225,58","227,20","228,63","235,84","239,17","250,28","258,95","278,79","302,65","322,70","332,47","341,63","364,39","366,22","364,90","363,36","378,80","381,16","383,79","400,37","420,16","393,33","445,25","465,71","500,14","532,38","558,58","529,67","495,17","506,90","500,088344146267"
British Virgin Islands,"0,01","0,01","0,01","0,01","0,01","0,01","0,01","0,01","0,01","0,01","0,01","0,01","0,01","0,01","0,01","0,02","0,02","0,02","0,03","0,03","0,03","0,03","0,03","0,03","0,03","0,03","0,03","0,03","0,03","0,03","0,03","0,03","0,03","0,03","0,04","0,03","0,03","0,06","0,06","0,07","0,07","0,07","0,12","0,13","0,15","0,15","0,15","0,15","0,15296268045132"
Brunei,"9,12","8,28","10,11","10,84","8,62","7,45","7,21","6,78","8,07","5,82","6,46","3,65","4,46","4,59","3,18","3,16","3,04","3,11","3,25","3,23","3,40","3,71","3,90","4,07","4,37","4,70","4,93","5,50","4,70","4,63","4,94","4,94","4,83","5,75","5,30","5,18","7,72","7,32","8,09","8,03","7,36","7,54","7,47","7,37","7,20","6,51","6,71","6,81","6,92642492178527"
Bulgaria,"70,48","70,40","72,76","74,09","75,51","80,40","81,43","84,39","87,21","90,40","93,45","89,41","91,52","90,45","88,96","91,31","92,50","92,84","91,88","90,83","82,27","63,08","59,87","60,63","59,02","59,96","60,80","57,38","53,44","47,81","47,74","49,84","47,07","52,92","50,75","52,03","53,28","57,16","54,07","46,09","48,64","53,84","48,98","43,87","46,28","48,47","44,86","47,47","44,5896427768799"
Burkina Faso,"0,25","0,25","0,24","0,25","0,26","0,28","0,28","0,29","0,28","0,31","0,34","0,32","0,30","0,31","0,30","0,31","0,38","0,48","0,46","0,42","0,38","0,50","0,45","0,50","0,51","0,52","0,60","1,00","0,84","0,87","0,90","0,92","0,90","1,00","1,04","1,04","1,04","1,23","1,96","1,82","1,87","2,15","2,25","3,07","3,12","3,12","3,22","3,58","3,70955830365612"
Burundi,"0,05","0,05","0,05","0,05","0,05","0,05","0,05","0,06","0,05","0,06","0,07","0,11","0,06","0,11","0,10","0,11","0,12","0,14","0,26","0,23","0,21","0,30","0,27","0,27","0,27","0,28","0,29","0,31","0,33","0,34","0,28","0,34","0,33","0,35","0,36","0,31","0,31","0,33","0,21","0,22","0,23","0,28","0,31","0,28","0,29","0,29","0,30","0,31","0,322375456325213"
Cambodia,"0,22","0,23","0,24","0,28","0,32","0,27","0,26","0,27","0,25","0,28","0,28","0,31","0,35","0,37","0,38","0,42","0,36","0,41","0,41","0,39","0,41","0,47","0,48","0,47","0,34","1,50","1,67","1,78","1,99","1,94","2,00","2,19","2,25","2,41","2,42","2,69","2,99","3,66","4,06","4,84","5,01","5,28","5,50","5,64","6,69","8,67","10,07","10,45","10,8455873031184"
Cameroon,"0,90","0,95","0,98","1,03","1,01","1,27","1,19","1,65","1,79","1,94","2,07","2,21","2,35","4,70","4,92","4,83","5,84","5,32","3,36","4,81","4,81","4,58","4,41","4,81","10,33","10,20","9,61","9,66","9,88","9,66","9,81","9,41","9,02","8,91","9,20","9,27","9,50","10,49","10,85","11,45","10,81","10,29","10,33","10,93","11,88","13,47","14,31","14,15","14,4779443876248"
Canada,"361,59","369,17","387,94","407,04","415,18","404,49","417,11","431,63","434,45","450,12","454,76","435,01","415,13","410,78","430,55","431,01","420,86","432,96","464,62","480,31","454,70","447,66","460,06","459,21","476,30","488,58","502,32","518,94","524,99","536,24","557,73","547,73","554,45","574,15","566,80","579,61","573,07","605,37","584,76","549,69","565,85","576,24","577,45","591,45","595,28","589,78","587,34","595,02","594,198153553543"
Cape Verde,"0,18","0,18","0,18","0,19","0,20","0,21","0,21","0,21","0,21","0,24","0,26","0,24","0,09","0,09","0,09","0,09","0,04","0,06","0,06","0,05","0,05","0,11","0,10","0,10","0,10","0,11","0,11","0,12","0,10","0,11","0,16","0,11","0,10","0,11","0,23","0,23","0,23","0,30","0,31","0,32","0,33","0,39","0,41","0,73","0,76","0,88","0,89","1,00","1,0352096500439"
Cayman Islands,"0,02","0,02","0,02","0,03","0,02","0,03","0,02","0,03","0,03","0,03","0,03","0,05","0,05","0,05","0,06","0,06","0,07","0,07","0,15","0,15","0,15","0,16","0,16","0,15","0,15","0,19","0,19","0,18","0,17","0,18","0,17","0,17","0,17","0,17","0,21","0,19","0,21","0,25","0,32","0,27","0,28","0,28","0,49","0,51","0,47","0,49","0,50","0,50","0,507186396760487"
Central African Republic,"0,08","0,08","0,08","0,08","0,09","0,09","0,09","0,10","0,09","0,11","0,12","0,15","0,15","0,15","0,15","0,15","0,16","0,20","0,19","0,18","0,16","0,24","0,22","0,22","0,22","0,23","0,23","0,25","0,22","0,23","0,28","0,28","0,28","0,29","0,30","0,25","0,30","0,32","0,33","0,34","0,35","0,41","0,43","0,42","0,41","0,45","0,46","0,46","0,467410599574244"
Chad,"0,16","0,16","0,16","0,17","0,18","0,18","0,19","0,19","0,19","0,21","0,23","0,21","0,20","0,21","0,11","0,12","0,22","0,21","0,14","0,13","0,27","0,31","0,28","0,13","0,14","0,15","0,20","0,21","0,19","0,20","0,20","0,20","0,22","0,35","0,38","0,38","0,40","0,51","0,43","0,42","0,42","0,47","0,53","0,58","0,59","0,68","0,73","0,71","0,697139387865767"
Chile,"27,87","30,32","31,51","31,52","29,58","26,96","27,60","25,81","26,30","27,88","27,67","25,37","21,56","21,99","23,25","22,43","22,68","22,89","27,64","33,37","32,90","31,36","32,54","34,44","37,60","41,17","47,28","53,86","54,33","56,89","53,24","51,17","51,64","53,57","57,88","58,68","59,83","67,27","70,81","67,75","71,93","78,52","80,69","85,00","78,87","84,57","89,16","88,80","91,1402842001333"
China,"905,87","909,66","970,67","1011,19","1029,34","1179,73","1227,09","1379,49","1555,78","1593,62","1559,62","1546,15","1616,61","1701,81","1855,96","1871,33","1977,30","2115,85","2276,34","2355,37","2397,51","2532,74","2665,27","2890,34","3071,00","3382,89","3366,77","3426,05","3504,39","3435,83","3672,12","3845,81","4148,32","4814,42","5557,30","6264,76","6966,02","7639,91","7807,28","8366,14","9126,94","10026,72","10259,09","10718,58","10836,46","10820,80","10966,73","11087,01","11255,8782888281"
Colombia,"31,63","31,94","32,84","33,84","36,45","34,24","36,44","37,43","39,91","40,10","40,91","41,45","42,02","44,10","44,84","46,40","46,90","48,88","49,42","50,95","52,31","54,01","56,05","59,32","59,15","62,00","61,12","66,60","67,85","59,42","61,84","61,16","58,79","58,31","58,43","60,67","59,51","61,21","61,79","64,98","66,57","72,17","72,31","77,66","79,67","79,53","88,42","86,23","90,0450260731581"
Comoros,"0,02","0,02","0,02","0,02","0,02","0,03","0,03","0,03","0,03","0,03","0,03","0,03","0,03","0,03","0,03","0,03","0,03","0,05","0,05","0,05","0,05","0,06","0,05","0,05","0,05","0,05","0,06","0,06","0,05","0,05","0,05","0,05","0,05","0,06","0,06","0,11","0,11","0,12","0,12","0,13","0,13","0,16","0,16","0,20","0,17","0,19","0,19","0,20","0,208612517401517"
Congo,"1,81","2,07","1,98","8,97","12,89","7,97","7,70","2,48","1,54","1,40","1,83","2,06","2,39","2,46","2,43","2,47","2,41","2,46","2,43","2,44","2,40","2,45","2,39","2,36","2,17","2,75","3,31","3,41","4,05","4,20","4,54","4,43","2,89","3,59","3,65","4,45","4,95","4,37","4,54","5,03","5,42","4,96","5,05","6,18","5,94","5,89","5,87","5,92","7,06254395579132"
Cook Islands,"0,02","0,02","0,02","0,02","0,03","0,02","0,02","0,02","0,02","0,03","0,03","0,06","0,06","0,06","0,05","0,06","0,04","0,05","0,05","0,04","0,04","0,04","0,04","0,04","0,03","0,03","0,03","0,03","0,04","0,03","0,04","0,05","0,04","0,04","0,05","0,06","0,05","0,05","0,06","0,05","0,06","0,07","0,11","0,06","0,04","0,04","0,04","0,04","0,04199286030969"
Costa Rica,"1,43","1,44","1,61","1,83","1,80","1,97","2,03","2,55","2,76","2,77","2,49","2,30","1,96","1,99","2,08","2,18","2,28","2,41","2,54","2,86","2,91","3,15","4,25","4,27","4,96","4,97","4,66","4,63","5,15","5,15","5,10","5,51","5,63","6,08","6,16","6,31","6,91","7,66","7,59","7,30","7,25","7,46","7,51","7,88","7,98","7,68","8,46","8,50","8,82473198597839"
Côte d’Ivoire,"2,64","2,69","2,99","3,07","3,16","3,43","3,91","3,88","4,49","4,19","3,99","3,66","3,48","4,10","3,66","3,36","3,51","3,43","3,46","3,33","3,02","3,11","3,10","3,29","3,43","3,75","4,67","5,68","5,52","7,36","7,03","7,06","7,49","5,92","6,12","6,54","6,42","6,42","7,16","6,67","7,58","7,47","9,41","9,97","10,72","11,59","12,94","13,47","14,020789596385"
Croatia,"21,72","21,31","21,79","23,05","23,87","24,19","23,81","24,24","25,18","27,49","24,73","23,76","24,93","26,05","24,79","25,76","27,76","26,28","28,62","29,08","25,18","18,25","16,72","17,24","16,63","17,10","17,11","18,80","19,94","20,06","19,60","20,69","21,67","23,12","23,39","23,64","24,03","25,67","24,42","22,20","21,45","20,90","19,25","18,86","18,25","18,55","18,91","19,52","19,4437915107526"
Cuba,"21,71","21,78","21,34","23,11","25,08","25,75","27,25","29,69","32,02","32,33","33,17","33,38","33,19","35,81","37,60","35,15","35,76","37,45","39,28","40,73","37,11","28,65","22,92","20,99","22,47","23,84","25,83","28,23","27,76","28,56","28,93","27,81","26,57","25,82","25,34","26,17","26,69","27,60","26,71","30,49","33,78","30,93","31,73","30,57","30,56","30,99","27,03","27,04","27,5494276878227"
Curaçao,"4,73","4,73","5,48","6,02","4,96","6,28","5,54","6,14","6,37","5,98","5,93","5,89","5,36","4,98","5,28","4,80","5,07","5,65","5,46","5,55","5,47","5,52","5,47","5,25","5,41","5,65","5,67","5,74","5,64","5,68","5,39","5,44","5,16","4,91","5,11","4,78","4,83","5,25","5,88","5,77","6,20","6,91","7,35","7,81","7,28","7,38","8,29","8,36","8,42507939552019"
Cyprus,"2,17","2,19","2,67","2,79","2,14","2,18","2,64","2,81","2,92","3,11","3,28","3,14","3,18","3,16","3,22","3,16","3,51","4,07","4,13","4,36","4,54","5,10","5,36","5,53","5,72","5,61","5,90","5,98","6,45","6,68","7,02","6,87","7,06","7,80","7,73","7,88","7,92","8,27","8,44","8,25","7,98","7,70","7,16","6,18","6,29","6,37","7,13","7,53","7,46286296993662"
Czechia,"190,08","190,22","190,02","187,95","171,35","178,48","183,65","194,04","187,74","197,65","190,15","190,76","192,23","192,75","195,31","192,75","191,40","191,82","187,46","179,42","162,84","147,80","141,80","139,45","133,71","134,14","135,26","132,30","126,48","119,30","130,69","130,82","125,61","129,92","131,07","127,13","128,31","130,85","125,60","117,54","120,69","117,97","113,88","109,35","106,75","107,60","109,56","110,41","110,944061494382"
Democratic Republic of the Congo,"2,34","2,37","2,46","2,68","2,84","2,61","2,70","2,80","3,28","3,63","3,59","3,84","3,10","4,04","3,95","3,69","3,46","3,80","3,94","3,75","3,44","1,97","1,71","1,65","2,57","2,40","2,65","2,65","2,65","2,45","1,97","1,92","2,01","2,42","2,32","2,59","2,66","2,93","3,01","2,92","3,05","3,47","3,39","4,54","5,76","3,83","3,02","2,93","2,89394406364208"
Denmark,"62,44","58,44","60,51","59,58","53,20","55,52","61,24","62,97","62,93","66,37","65,82","55,56","57,87","54,36","56,02","63,84","64,49","62,55","58,65","52,97","53,65","64,33","58,65","60,87","64,96","61,68","75,10","65,22","61,18","58,18","54,05","55,60","55,14","60,56","54,99","51,48","59,40","54,56","51,27","48,93","49,06","44,01","38,83","40,65","36,50","34,04","35,47","33,11","33,1307436929226"
Djibouti,"0,80","0,80","0,80","0,82","0,87","0,91","0,91","0,94","0,92","1,04","1,14","0,85","0,81","0,60","0,49","0,51","0,49","0,63","0,59","1,24","1,10","1,37","1,22","1,20","1,22","1,26","1,29","1,38","1,23","1,27","1,29","1,31","1,29","1,42","1,47","1,47","1,35","1,40","1,04","1,10","1,13","1,32","1,38","0,92","0,93","0,93","0,96","1,02","1,04559957224288"
Dominica,"0,01","0,01","0,01","0,01","0,01","0,01","0,01","0,01","0,01","0,01","0,01","0,01","0,01","0,01","0,02","0,02","0,02","0,02","0,03","0,03","0,03","0,03","0,03","0,05","0,06","0,06","0,07","0,07","0,04","0,07","0,06","0,06","0,09","0,09","0,09","0,05","0,08","0,08","0,08","0,08","0,08","0,08","0,13","0,13","0,12","0,13","0,13","0,13","0,128955579739573"
Dominican Republic,"3,81","3,90","5,08","5,06","5,43","5,62","5,78","6,24","6,36","6,71","6,91","6,57","6,38","7,38","7,74","6,84","7,65","8,79","8,82","9,39","8,02","8,40","9,75","9,64","11,26","11,97","12,90","14,66","17,43","18,80","19,71","19,59","23,36","19,41","18,08","19,40","20,82","21,20","21,11","20,29","21,37","21,32","22,20","23,00","22,22","23,44","24,85","24,70","25,1769962013521"
Ecuador,"5,02","4,48","4,48","5,66","6,92","7,51","8,57","9,96","11,21","12,14","12,79","14,09","14,18","13,32","13,73","14,77","15,52","14,25","16,05","16,17","17,56","17,59","18,53","18,06","18,93","20,77","23,93","24,92","24,46","20,30","21,84","23,22","23,56","23,59","26,25","28,33","29,96","30,85","31,51","34,27","37,83","38,49","39,85","41,56","45,11","44,08","43,34","42,39","44,3858718548744"
Egypt,"25,16","24,86","27,09","25,16","29,14","31,45","36,43","37,55","38,02","41,06","45,11","51,05","55,12","61,52","67,84","71,12","74,21","80,48","82,59","87,75","90,78","92,88","96,53","96,84","92,66","98,72","106,04","112,87","118,52","127,96","125,92","139,25","143,02","145,93","158,25","176,44","187,78","201,05","201,67","210,09","211,75","219,63","231,62","227,69","232,19","238,04","244,04","248,86","250,658255177734"
El Salvador,"1,58","1,64","1,88","2,06","2,09","2,34","2,37","2,45","2,61","2,44","2,06","2,06","1,93","1,99","1,95","2,12","2,11","2,51","2,48","2,48","2,63","3,35","3,76","4,07","4,73","5,16","4,61","5,61","5,89","5,86","5,81","6,21","6,29","6,61","6,67","6,94","7,36","7,74","6,97","6,86","6,73","6,99","7,10","6,91","6,92","7,40","7,71","7,77","7,90025775146847"
Equatorial Guinea,"0,03","0,03","0,03","0,03","0,03","0,04","0,04","0,04","0,04","0,04","0,04","0,04","0,05","0,05","0,05","0,05","0,05","0,06","0,06","0,11","0,10","0,12","0,10","0,10","1,23","1,30","1,40","1,87","2,24","2,43","2,53","3,31","2,66","2,98","3,33","3,37","3,31","3,80","4,55","3,92","4,36","4,67","3,63","3,52","3,50","3,48","3,31","3,19","3,31160957226697"
Eritrea,"0,18","0,18","0,18","0,15","0,16","0,17","0,15","0,16","0,16","0,17","0,18","0,17","0,20","0,17","0,17","0,17","0,16","0,20","0,20","0,21","0,21","0,23","0,23","0,46","0,66","0,74","0,81","0,89","0,84","0,64","0,68","0,67","0,73","0,69","0,69","0,69","0,60","0,53","0,52","0,45","0,47","0,55","0,60","0,63","0,66","0,69","0,79","0,84","0,85677179770677"
Estonia,"14,44","14,48","15,53","16,18","15,83","17,45","16,65","17,55","16,45","17,59","16,91","17,87","17,15","17,05","16,45","16,30","16,46","15,93","16,11","15,59","38,47","34,92","26,04","20,08","20,24","18,73","19,59","19,31","18,25","16,86","16,96","17,52","16,70","18,86","19,29","19,64","18,51","22,30","20,98","17,93","22,10","21,43","20,38","22,95","22,69","19,82","21,45","23,14","24,3261856765033"
Eswatini,"0,18","0,18","0,18","0,19","0,20","0,22","0,46","0,51","0,54","0,57","0,63","0,57","0,71","0,43","0,39","0,52","0,64","0,69","0,66","0,65","0,60","0,64","0,51","0,46","0,62","0,61","0,60","0,94","0,91","0,97","1,67","1,64","1,55","1,41","1,36","1,54","1,69","2,07","2,18","2,11","2,05","1,74","1,76","1,21","1,17","1,14","1,18","1,26","1,2296030129972"
Ethiopia,"1,43","1,44","1,34","1,44","1,45","1,30","1,28","1,31","1,35","1,42","1,47","1,61","1,48","1,56","1,47","1,54","1,82","2,09","2,18","2,29","2,39","2,41","1,59","2,05","2,37","2,69","3,02","3,19","3,38","3,32","3,71","4,58","4,73","5,13","5,52","5,33","5,70","6,37","7,18","7,24","6,86","7,96","8,94","10,34","12,49","13,47","15,30","16,42","16,8018377133539"
Falkland Islands,"0,00","0,00","0,00","0,00","0,00","0,00","0,00","0,00","0,00","0,00","0,00","0,00","0,00","0,00","0,01","0,01","0,01","0,01","0,02","0,01","0,01","0,01","0,01","0,01","0,01","0,01","0,02","0,02","0,01","0,01","0,01","0,01","0,01","0,01","0,01","0,02","0,02","0,02","0,02","0,02","0,02","0,02","0,04","0,04","0,04","0,04","0,04","0,04","0,039714336392726"
Faroes,"0,00","0,00","0,00","0,00","0,00","0,00","0,00","0,00","0,00","0,00","0,00","0,00","0,00","0,00","0,00","0,00","0,00","0,00","0,00","0,00","0,00","0,00","0,00","0,00","0,00","0,00","0,00","0,00","0,00","0,00","0,00","0,00","0,00","0,00","0,00","0,00","0,00","0,00","0,00","0,00","0,00","0,00","0,00","0,00","0,00","0,00","0,00","0,00","0,001922649473591"
Fiji,"0,78","0,79","0,83","0,92","1,13","0,95","0,91","0,97","0,97","1,09","1,12","1,22","1,13","0,97","0,79","0,86","0,92","0,77","0,78","0,90","1,03","0,87","0,88","0,94","0,71","0,76","0,84","0,86","0,88","0,97","1,14","1,31","1,45","1,78","2,17","2,17","2,11","1,88","1,77","1,10","1,20","1,50","2,09","2,04","1,30","1,22","1,24","1,28","1,31568449455045"
Finland,"43,75","43,39","47,42","52,06","48,57","48,02","54,07","53,59","58,19","57,95","58,47","49,06","47,32","45,74","47,09","51,53","51,62","56,27","54,88","54,89","57,24","57,84","55,00","56,20","62,91","59,53","65,49","63,38","60,15","59,46","57,96","63,94","66,00","74,38","70,65","58,36","69,91","67,97","59,56","56,93","65,84","58,19","52,29","53,27","49,23","45,83","48,79","46,19","48,7970173716261"
France and Monaco,"467,26","474,04","491,77","528,25","511,30","471,99","514,31","497,40","514,44","523,25","504,19","454,70","433,71","416,57","405,13","394,34","382,20","375,65","375,54","390,74","386,33","409,85","398,81","378,64","373,22","381,85","396,68","388,53","410,33","404,17","402,24","406,70","400,66","405,04","405,58","408,43","398,32","391,70","384,59","369,52","379,45","348,92","350,09","350,93","315,77","323,36","324,23","330,86","323,27945198745"
French Guiana,"0,10","0,10","0,12","0,13","0,10","0,13","0,12","0,13","0,13","0,13","0,13","0,11","0,15","0,15","0,14","0,16","0,17","0,22","0,27","0,29","0,37","0,43","0,36","0,45","0,45","0,48","0,51","0,48","0,52","0,54","0,52","0,50","0,50","0,53","0,52","0,49","0,48","0,46","0,44","0,39","0,53","0,42","0,71","0,79","0,72","0,72","0,73","0,74","0,766458310139193"
French Polynesia,"0,15","0,15","0,15","0,17","0,21","0,18","0,17","0,18","0,18","0,20","0,21","0,37","0,41","0,57","0,72","0,74","0,81","0,91","0,92","0,88","0,84","0,83","0,78","0,77","0,46","0,48","0,50","0,50","0,55","0,52","0,55","0,58","0,54","0,63","0,71","0,79","0,77","0,72","0,85","0,82","0,89","1,12","1,60","0,89","0,54","0,54","0,54","0,56","0,574007563921132"
Gabon,"0,60","1,12","1,20","3,86","3,96","5,10","5,91","5,84","6,50","6,40","6,15","6,48","6,46","5,93","6,86","7,84","5,63","4,80","4,96","6,26","6,17","4,93","4,97","5,08","5,05","5,67","6,33","6,05","6,92","6,59","6,61","6,74","6,48","7,35","6,63","6,55","5,84","5,29","5,63","5,54","6,06","5,91","5,95","6,18","6,35","6,49","6,64","6,54","6,59397403746716"
Georgia,"25,89","25,63","27,15","28,79","30,25","32,32","32,87","33,25","34,29","35,41","36,50","37,00","36,73","36,32","36,15","35,87","35,64","36,15","35,69","34,51","34,74","26,72","21,03","16,86","10,92","8,62","6,87","6,05","5,43","5,06","5,37","3,93","3,45","3,74","4,08","4,98","5,46","6,41","5,63","6,38","6,23","7,52","8,18","8,29","9,43","10,14","10,26","11,00","10,8900409003421"
Germany,"1082,02","1076,49","1103,01","1152,53","1122,35","1062,40","1122,84","1103,09","1141,04","1191,00","1137,99","1102,43","1055,92","1071,52","1087,53","1090,12","1083,53","1074,58","1068,23","1054,33","1018,06","996,28","943,10","934,78","923,82","918,69","945,79","913,62","906,48","873,37","871,07","887,03","871,38","873,55","857,72","837,33","853,26","821,72","831,00","769,57","816,40","789,58","801,38","819,72","780,12","786,44","790,21","787,95","752,654899059898"
Ghana,"2,37","2,41","2,52","2,58","2,74","2,92","2,99","3,08","3,00","2,67","2,69","3,24","2,80","1,78","2,06","2,40","2,60","2,77","2,91","3,24","3,19","2,98","3,50","3,60","3,84","4,12","4,46","4,67","6,34","6,92","6,12","6,62","7,80","7,36","6,90","7,33","8,69","9,28","8,68","10,10","11,63","12,69","15,00","16,30","16,12","17,05","16,30","19,52","20,0850440366715"
Gibraltar,"0,07","0,07","0,06","0,06","0,06","0,06","0,06","0,06","0,06","0,08","0,09","0,09","0,10","0,09","0,08","0,09","0,12","0,13","0,14","0,14","0,14","0,20","0,24","0,24","0,29","0,28","0,29","0,30","0,31","0,33","0,34","0,35","0,36","0,36","0,39","0,41","0,42","0,42","0,43","0,47","0,47","0,46","0,47","0,50","0,54","0,57","0,68","0,70","0,681385289415214"
Greece,"30,09","31,14","37,97","40,58","39,77","41,77","46,72","48,93","51,53","54,41","54,54","54,21","55,33","58,80","60,21","63,60","63,21","68,41","72,90","77,56","79,20","79,16","81,24","80,74","82,25","85,29","85,15","86,17","89,67","89,96","97,08","99,13","99,16","102,91","102,63","104,85","103,52","107,15","103,06","97,19","90,00","87,02","82,45","74,98","71,96","70,79","68,21","73,14","72,4043227819608"
Greenland,"0,00","0,00","0,00","0,00","0,00","0,00","0,00","0,00","0,00","0,00","0,00","0,00","0,00","0,00","0,00","0,00","0,00","0,00","0,00","0,00","0,00","0,00","0,00","0,00","0,00","0,00","0,00","0,00","0,00","0,00","0,00","0,00","0,00","0,00","0,62","0,63","0,66","0,64","0,66","0,57","0,67","0,72","0,56","0,55","0,51","0,52","0,53","0,54","0,528947773346449"
Grenada,"0,01","0,01","0,02","0,02","0,01","0,02","0,02","0,02","0,02","0,02","0,02","0,02","0,02","0,02","0,02","0,03","0,03","0,04","0,04","0,04","0,07","0,08","0,08","0,08","0,08","0,07","0,08","0,11","0,11","0,11","0,07","0,10","0,10","0,10","0,14","0,13","0,12","0,13","0,13","0,13","0,14","0,14","0,25","0,32","0,26","0,28","0,28","0,29","0,287799583118794"
Guadeloupe,"0,20","0,20","0,23","0,25","0,22","0,26","0,24","0,26","0,27","0,26","0,26","0,35","0,40","0,43","0,52","0,50","0,53","0,66","0,76","0,80","0,87","0,98","0,93","0,99","1,02","0,99","1,00","0,95","0,94","0,97","1,00","1,01","1,02","1,05","1,08","1,03","1,04","1,19","1,27","1,12","1,19","1,18","2,03","2,34","2,22","2,25","2,30","2,33","2,3499387027067"
Guatemala,"2,49","2,45","2,72","2,90","3,01","3,31","3,28","3,76","4,16","4,63","4,65","4,01","3,64","3,10","3,48","3,65","3,15","3,54","3,49","3,71","3,87","4,09","4,81","5,31","5,77","6,71","6,59","6,90","8,64","8,60","9,59","10,10","10,68","10,53","11,13","11,70","11,86","12,67","11,46","12,06","11,68","11,91","12,05","13,83","17,97","16,88","18,17","18,19","20,5076025397149"
Guinea,"0,51","0,51","0,51","0,53","0,55","0,58","0,58","0,60","0,59","0,66","0,71","0,66","0,63","0,65","0,63","0,61","0,79","1,05","1,00","0,92","1,07","1,03","0,93","0,93","1,00","1,03","1,06","1,13","1,02","1,06","1,09","1,12","1,12","1,18","1,21","1,12","1,12","1,14","1,35","1,38","1,39","1,66","1,70","2,37","2,50","2,52","2,61","2,90","3,00282749327398"
Guinea-Bissau,"0,04","0,04","0,04","0,04","0,04","0,04","0,04","0,05","0,05","0,05","0,06","0,05","0,05","0,05","0,09","0,10","0,05","0,19","0,18","0,17","0,20","0,23","0,21","0,21","0,21","0,21","0,22","0,24","0,21","0,22","0,26","0,27","0,26","0,28","0,29","0,29","0,29","0,37","0,31","0,39","0,40","0,47","0,50","0,34","0,36","0,38","0,38","0,43","0,442214627799365"
Guyana,"0,42","0,42","0,49","0,54","0,44","0,56","0,49","0,55","0,57","0,53","0,53","0,64","0,50","0,43","0,57","0,62","0,64","0,55","0,58","0,37","0,34","0,44","0,48","0,57","0,56","0,49","0,53","0,54","0,70","0,77","0,80","0,83","0,83","0,79","0,75","0,73","0,67","0,69","0,74","0,77","0,79","0,81","1,41","1,78","1,62","1,67","1,83","1,86","1,9184830214045"
Haiti,"0,54","0,54","0,53","0,55","0,60","0,61","0,81","0,85","0,89","0,87","0,86","0,76","0,90","0,99","1,02","1,05","0,98","1,06","1,14","1,17","1,15","1,12","1,04","0,88","0,42","1,13","1,29","1,50","1,53","1,58","1,61","1,73","1,98","1,90","2,14","2,23","2,28","2,58","2,57","2,49","2,36","2,41","2,30","2,37","3,01","3,45","3,57","3,62","3,65029759901493"
Honduras,"1,23","1,23","1,28","1,41","1,38","1,49","1,56","1,70","1,72","1,82","1,88","1,79","1,76","2,03","2,08","1,87","1,91","2,12","2,27","2,51","2,37","2,39","2,69","2,82","3,21","3,81","4,03","4,15","4,81","4,88","5,06","5,95","6,26","6,93","7,87","7,85","7,24","8,94","8,65","8,18","8,06","9,11","9,11","9,18","9,49","9,97","10,00","10,05","10,3525104530871"
Hong Kong,"9,54","9,58","9,86","9,94","11,39","11,27","13,07","15,15","16,12","14,98","15,39","16,58","17,89","20,44","22,23","23,21","26,34","28,82","32,04","33,39","34,18","37,03","41,55","44,04","37,39","37,45","36,20","33,69","42,22","45,29","41,14","42,15","40,81","43,48","41,54","41,92","42,87","44,58","43,55","46,83","42,69","46,35","45,81","46,76","48,69","44,63","45,71","45,39","45,3126686695978"
Hungary,"66,08","67,80","69,99","74,86","76,95","78,50","82,53","86,38","93,77","92,47","91,74","90,47","90,51","86,77","88,36","87,85","86,28","87,44","82,42","80,68","72,00","68,28","61,58","62,32","62,15","61,46","62,63","61,40","61,19","61,54","58,37","59,77","58,84","61,45","59,68","59,96","59,71","58,31","57,25","51,13","51,94","51,06","47,35","44,34","44,48","47,24","48,97","51,60","52,1449470756204"
Iceland,"1,94","2,04","2,25","2,59","2,53","2,37","2,40","2,47","2,54","2,63","2,44","2,35","1,99","2,03","2,25","2,14","2,15","2,19","2,31","2,31","2,35","2,30","2,32","2,42","2,53","2,45","2,73","2,64","2,71","2,76","2,87","2,98","3,11","3,08","3,20","3,17","3,27","3,45","3,81","3,82","3,68","3,59","3,64","3,83","3,78","3,83","3,89","4,07","4,08794680970233"
India,"232,12","233,01","242,32","240,80","258,53","276,00","294,96","299,91","267,42","287,48","299,51","329,56","350,06","372,48","407,63","425,99","463,04","496,78","526,04","563,75","594,85","640,34","662,80","692,53","736,58","791,48","827,83","869,34","884,05","952,58","986,62","1002,65","1042,03","1067,45","1157,02","1210,76","1290,12","1401,22","1488,53","1663,19","1750,56","1847,21","1985,93","2024,08","2218,04","2286,82","2371,09","2445,88","2621,9186154642"
Indonesia,"30,90","31,31","37,11","41,95","46,91","48,72","52,43","71,54","84,08","90,42","89,90","94,82","95,51","94,53","96,41","104,90","115,84","118,82","129,48","135,51","162,75","175,90","183,88","201,52","214,10","238,47","252,26","276,92","278,95","297,64","294,95","315,78","322,61","352,25","358,22","360,19","383,48","397,27","393,97","408,27","418,28","428,99","439,78","444,44","481,57","489,34","513,01","531,97","557,528167530938"
Iran,"79,47","85,28","95,08","113,12","120,07","121,43","140,48","147,42","144,50","134,03","114,21","113,30","138,69","157,03","155,07","165,28","154,11","163,01","164,44","180,87","204,51","225,17","240,65","239,69","273,78","278,20","290,31","303,20","301,99","333,11","351,73","365,97","382,16","404,38","433,76","468,25","502,65","536,28","546,63","567,22","570,04","580,10","586,11","609,01","632,70","623,25","657,98","694,47","727,810046571066"
Iraq,"23,19","27,18","27,07","29,67","31,97","36,61","46,01","42,18","46,44","57,52","51,75","36,00","38,21","42,09","47,37","54,59","61,26","60,94","65,53","73,23","69,26","54,46","75,77","101,77","112,49","110,35","105,02","125,48","92,04","75,82","86,52","98,42","92,68","83,68","89,91","89,46","85,58","78,42","90,20","111,91","126,06","134,77","149,81","160,53","166,11","160,50","172,52","172,63","188,096861556432"
Ireland,"21,08","23,57","23,21","22,79","24,63","23,17","23,75","25,35","25,15","29,49","28,35","28,14","27,84","27,45","27,47","29,07","30,01","31,61","30,75","31,78","32,85","33,40","33,33","33,54","34,81","35,28","36,66","37,95","40,47","41,94","44,23","46,40","45,34","44,82","45,32","47,28","48,27","47,47","46,83","41,64","41,27","37,07","37,77","36,43","36,24","37,84","38,82","37,76","37,2063228681232"
"Israel and Palestine, State of","14,92","14,94","15,70","16,79","17,27","18,11","18,12","18,90","20,13","20,51","20,39","21,24","22,42","23,20","24,05","25,72","28,14","30,74","32,57","33,85","35,29","35,94","38,48","42,19","45,15","48,21","51,39","53,04","53,60","55,05","59,37","59,37","62,61","64,37","64,24","62,15","65,31","67,69","68,06","67,24","72,19","71,35","77,89","69,92","65,36","66,89","66,31","67,36","67,0556965567147"
"Italy, San Marino and the Holy See","317,65","331,47","349,06","371,38","374,77","357,53","384,36","375,20","382,84","398,73","401,29","390,00","381,68","377,20","383,16","382,89","383,80","403,59","409,18","427,40","430,58","429,42","426,89","420,49","414,39","439,22","434,18","437,64","448,51","455,41","459,85","459,21","467,18","485,50","496,53","497,69","491,88","484,74","469,19","417,02","426,78","417,23","396,08","363,30","344,11","354,38","352,07","355,72","344,813573100748"
Jamaica,"5,93","5,91","6,47","8,45","8,21","7,81","6,50","7,13","7,28","7,29","6,76","6,72","5,79","5,79","5,45","4,87","4,63","4,90","5,12","6,56","7,53","7,48","8,27","8,42","8,50","8,80","9,18","9,39","9,89","10,15","10,22","10,29","10,24","10,54","10,59","10,63","12,30","12,22","10,23","8,03","7,45","7,69","7,25","7,73","7,54","7,40","7,80","7,89","7,9467843225617"
Japan,"857,80","855,64","901,46","1015,39","1013,88","958,16","988,55","1013,48","1013,49","1039,20","1013,14","990,73","948,06","950,01","1017,97","991,58","987,99","994,34","1066,56","1096,64","1149,37","1153,35","1161,17","1150,09","1206,37","1221,03","1233,26","1226,56","1187,81","1227,74","1241,54","1229,13","1268,42","1272,05","1270,27","1276,87","1259,77","1300,21","1213,50","1146,23","1197,42","1249,79","1289,30","1313,47","1273,30","1227,73","1219,49","1219,69","1198,54637252922"
Jordan,"1,56","1,58","1,85","2,05","2,15","2,46","2,95","3,09","3,67","3,81","4,79","5,78","6,46","7,23","8,14","8,54","9,20","9,96","9,34","9,51","10,21","10,20","12,11","12,58","13,19","13,89","14,32","14,78","15,00","15,04","15,49","15,60","16,69","16,46","18,55","19,78","20,11","21,03","20,56","21,08","20,61","21,08","24,49","24,24","25,97","25,82","26,13","26,16","26,044375878456"
Kazakhstan,"161,14","160,91","172,83","188,97","202,08","211,09","223,13","224,42","239,48","242,02","255,41","236,74","229,05","226,05","220,70","214,48","213,04","229,54","235,60","231,76","253,45","261,60","266,27","227,57","203,05","179,62","156,99","134,77","137,13","126,43","126,34","122,89","133,89","149,38","162,83","172,77","194,14","206,09","244,08","217,44","236,65","251,69","263,94","279,83","266,82","258,83","264,44","273,62","309,25496764811"
Kenya,"3,77","3,77","3,94","4,08","4,12","4,06","4,60","4,92","4,93","4,87","5,21","5,19","4,86","4,54","5,25","5,39","6,03","6,26","6,23","6,58","6,47","6,22","6,30","6,20","6,18","6,67","7,30","7,05","7,59","7,79","8,61","8,02","7,83","7,00","7,93","8,85","9,81","9,86","10,44","12,18","13,18","13,50","12,60","14,03","14,89","16,96","19,23","20,50","20,957443008012"
Kiribati,"0,02","0,02","0,02","0,02","0,02","0,02","0,02","0,02","0,02","0,02","0,02","0,03","0,03","0,03","0,02","0,02","0,02","0,02","0,02","0,02","0,02","0,02","0,02","0,02","0,01","0,01","0,02","0,02","0,02","0,02","0,02","0,02","0,02","0,02","0,02","0,03","0,03","0,03","0,03","0,05","0,05","0,06","0,09","0,06","0,04","0,03","0,03","0,03","0,032175253644014"
Kuwait,"38,34","40,70","41,33","36,99","30,12","25,80","26,43","26,07","30,07","34,52","32,42","30,77","32,97","35,56","36,25","41,02","44,12","47,40","56,94","66,45","32,61","38,76","27,15","34,30","40,80","40,40","39,70","41,84","46,57","50,26","54,85","57,93","60,65","63,48","66,54","75,38","78,01","77,78","81,72","87,96","86,36","88,11","87,32","94,64","90,77","95,52","96,54","95,09","100,341943959434"
Kyrgyzstan,"15,27","15,30","16,32","17,29","18,22","19,26","20,10","20,67","22,33","22,81","24,06","23,08","22,08","21,05","20,16","19,59","19,54","21,23","21,87","21,96","23,70","21,30","13,97","10,27","6,73","4,77","5,95","5,88","6,22","4,98","4,86","4,13","5,13","5,75","5,69","5,48","5,49","6,65","7,70","6,94","6,56","7,84","10,24","9,74","9,96","10,68","9,67","9,53","10,1326282875188"
Laos,"0,29","0,29","0,31","0,35","0,43","0,36","0,34","0,36","0,36","0,40","0,42","0,16","0,15","0,16","0,13","0,15","0,19","0,21","0,21","0,20","0,21","0,28","0,28","0,28","0,21","0,32","0,39","0,45","0,53","0,39","0,65","0,67","0,87","0,91","1,08","1,05","1,10","1,39","1,36","1,76","1,72","2,17","2,43","3,21","2,49","2,50","3,26","3,45","3,61254052942061"
Latvia,"13,68","13,69","14,75","15,69","15,98","17,47","17,36","18,18","18,29","19,29","19,33","20,20","20,15","20,43","20,30","20,30","20,92","20,96","21,18","20,82","20,14","18,37","14,58","12,28","10,78","9,47","9,55","9,05","8,74","8,12","7,56","7,91","7,87","8,10","8,13","8,24","8,74","9,13","8,66","7,91","8,91","8,12","7,99","7,84","7,61","7,70","7,94","7,82","7,82388750010868"
Lebanon,"5,38","5,47","5,99","7,40","7,53","6,71","6,29","5,47","6,62","7,44","7,52","7,62","5,60","5,98","6,11","7,13","7,53","7,69","5,94","5,98","5,98","7,41","7,96","11,36","12,49","14,47","15,02","16,50","16,38","16,88","15,24","16,45","16,39","16,39","16,60","16,51","15,57","14,15","17,74","21,49","20,56","20,89","23,35","23,19","24,79","25,13","25,57","25,43","25,5933309411027"
Lesotho,"0,08","0,08","0,08","0,08","0,08","0,09","0,09","0,09","0,09","0,10","0,11","0,10","0,09","0,10","0,09","0,10","0,10","0,13","0,06","0,11","0,10","0,12","0,11","0,11","0,11","0,11","0,11","0,12","0,11","0,11","0,16","0,16","0,16","0,17","0,17","0,17","0,17","0,25","0,25","0,20","0,53","0,24","0,25","0,67","0,73","0,69","0,71","0,71","0,718933838369799"
Liberia,"1,07","1,07","1,06","1,09","1,15","1,21","1,22","1,25","1,24","1,41","1,51","1,29","1,21","1,25","1,07","1,12","0,94","0,87","1,08","0,80","0,42","0,30","0,27","0,27","0,27","0,28","0,34","0,36","0,32","0,34","0,33","0,41","0,40","0,41","0,43","0,47","0,59","0,62","0,60","0,56","0,57","0,67","0,71","1,02","1,08","1,06","1,08","1,20","1,24465132762048"
Libya,"37,87","25,97","19,66","18,17","12,49","16,07","19,46","21,10","22,69","24,97","29,55","25,57","28,78","27,84","29,11","28,21","32,66","30,94","33,75","34,75","37,14","36,70","37,59","40,04","46,18","49,74","52,67","48,88","48,57","47,11","49,92","49,64","51,54","55,30","55,54","56,93","55,81","51,58","54,96","57,67","61,61","42,29","54,04","54,93","55,18","51,78","53,50","58,30","56,4834286502847"
Lithuania,"20,22","20,29","21,63","23,27","24,89","27,10","28,23","29,22","30,28","31,31","32,52","32,91","32,96","33,06","33,59","33,72","34,03","34,26","34,19","33,72","35,32","37,25","21,16","16,42","15,90","15,25","15,72","15,18","16,00","13,46","11,79","12,53","12,62","12,60","13,18","14,08","14,33","15,72","15,63","13,01","13,82","14,19","14,37","13,26","13,12","13,42","13,38","14,32","14,4152449596445"
Luxembourg,"18,42","17,18","16,91","18,28","16,97","13,50","14,37","13,66","14,93","14,06","13,23","11,25","10,57","9,92","10,86","11,05","10,79","10,26","10,80","11,61","11,75","12,20","11,86","12,09","11,24","9,02","9,04","8,54","7,85","8,21","8,84","9,38","10,07","10,49","11,93","12,16","11,98","11,39","11,24","10,64","11,24","11,13","10,90","10,36","9,85","9,34","9,32","9,61","9,95428107855469"
Macao,"0,35","0,35","0,37","0,41","0,51","0,43","0,41","0,43","0,43","0,48","0,50","0,53","0,49","0,73","0,67","0,62","0,71","0,92","0,93","0,95","0,98","0,97","1,00","1,10","0,84","0,86","0,99","1,05","1,20","1,24","1,20","1,33","1,34","1,36","1,88","1,62","1,76","1,55","1,47","1,43","1,18","1,64","2,59","1,51","1,02","1,10","1,21","1,26","1,28933772261941"
Madagascar,"0,68","0,68","0,67","0,69","0,73","0,76","0,78","0,80","0,79","0,88","0,96","0,78","0,67","0,81","0,77","0,88","0,67","1,15","1,21","0,83","0,70","0,88","0,84","0,84","0,95","1,03","1,06","1,16","1,01","1,04","1,42","1,60","1,78","1,95","2,21","2,22","2,15","2,38","2,01","1,86","2,20","3,02","3,33","3,89","3,82","3,82","3,97","4,33","4,43096380664038"
Malawi,"0,28","0,28","0,28","0,30","0,31","0,33","0,42","0,44","0,46","0,50","0,54","0,51","0,52","0,39","0,35","0,39","0,38","0,45","0,40","0,48","0,46","0,63","0,57","0,59","0,62","0,64","0,65","0,74","0,64","0,69","0,79","0,92","0,97","1,01","1,14","1,44","1,48","1,65","1,60","1,43","1,47","1,44","1,39","1,32","1,33","1,44","1,52","1,63","1,66925586774548"
Malaysia,"14,23","14,75","14,84","15,38","18,43","19,82","21,83","21,72","23,69","26,71","28,55","30,02","31,68","35,33","36,68","38,01","38,40","39,43","42,18","49,44","57,84","69,34","72,57","79,53","85,40","92,40","104,95","111,98","112,47","122,87","133,75","138,74","149,51","157,90","170,43","182,50","190,59","207,59","220,50","198,76","216,59","217,51","219,68","236,72","249,54","249,58","246,36","246,77","257,843602398422"
Maldives,"0,01","0,01","0,01","0,01","0,02","0,01","0,01","0,01","0,01","0,01","0,02","0,02","0,02","0,02","0,05","0,06","0,06","0,07","0,07","0,06","0,07","0,07","0,07","0,13","0,14","0,24","0,25","0,20","0,27","0,26","0,38","0,41","0,70","0,78","0,59","0,48","0,60","0,67","0,73","0,82","0,88","1,11","1,59","1,39","0,85","0,82","0,83","0,85","0,873547119198722"
Mali,"0,27","0,27","0,27","0,28","0,29","0,30","0,30","0,31","0,30","0,33","0,36","0,43","0,32","0,32","0,32","0,38","0,30","0,43","0,24","0,42","0,39","0,45","0,41","0,41","0,41","0,43","0,44","0,53","0,47","0,49","0,50","0,51","0,52","0,53","0,54","0,55","0,56","0,56","0,59","0,56","0,58","0,57","0,57","0,82","0,89","0,90","0,97","1,07","1,09876573271696"
Malta,"0,71","0,71","0,89","0,85","0,78","0,71","0,79","0,84","0,97","0,95","1,05","1,19","1,35","1,01","1,37","1,20","1,91","2,00","2,18","2,36","2,35","2,25","2,21","2,84","2,55","2,42","2,37","2,51","2,42","2,45","2,16","2,52","2,35","2,64","2,64","2,77","2,65","2,80","2,63","2,51","2,63","2,60","2,77","2,43","2,41","1,70","1,49","1,54","1,5057796390698"
Martinique,"0,23","0,23","0,27","0,29","0,25","0,30","0,27","0,30","0,31","0,30","0,31","0,33","0,33","0,33","0,32","0,40","0,47","0,55","0,65","0,85","0,94","0,84","0,91","1,13","1,11","1,13","1,14","1,09","1,07","1,11","1,06","1,07","1,08","1,12","1,18","1,12","1,09","1,15","1,02","1,26","1,34","1,33","2,27","2,47","2,32","2,37","2,41","2,44","2,45573594978391"
Mauritania,"0,36","0,36","0,36","0,37","0,39","0,41","0,42","0,43","0,43","0,48","0,52","0,48","0,47","0,42","0,63","0,61","0,40","0,69","0,83","0,87","0,68","0,86","2,40","2,43","2,55","2,69","2,63","2,81","2,50","2,58","2,58","2,67","2,52","2,72","2,46","2,91","2,67","2,60","1,85","1,93","2,06","2,37","2,48","2,56","2,71","2,69","2,84","3,14","3,23937275719348"
Mauritius,"0,30","0,30","0,35","0,38","0,45","0,46","0,51","0,59","0,62","0,63","0,59","0,60","0,56","0,63","0,68","0,64","0,79","0,84","0,93","1,04","1,19","1,27","1,35","1,48","1,53","1,57","1,64","1,65","1,81","2,21","2,45","2,59","2,64","2,76","2,79","2,98","3,33","3,42","3,49","3,44","3,68","3,66","3,76","3,85","3,98","3,99","3,91","4,28","4,38384332511738"
Mexico,"121,30","121,80","133,95","144,05","159,01","167,36","178,53","184,59","206,48","218,60","241,89","260,03","277,77","262,09","266,11","275,12","270,75","282,30","281,06","294,38","290,47","308,36","312,28","320,30","345,73","326,09","341,84","361,34","383,68","372,82","397,06","394,98","401,19","421,24","431,39","448,58","465,10","472,34","474,11","464,30","479,21","488,54","503,40","491,90","479,26","487,73","496,44","507,40","495,77751537172"
Moldova,"0,76","0,79","0,81","0,85","0,88","0,91","0,92","0,95","0,95","0,92","0,95","0,96","1,07","1,07","1,06","1,06","1,41","1,51","1,56","1,47","31,96","25,77","20,47","17,34","14,09","12,18","10,50","9,55","8,63","7,32","6,79","7,09","7,24","7,79","7,84","8,14","8,02","7,87","7,81","7,69","8,36","8,37","8,25","7,31","7,95","8,24","8,14","7,89","8,61976654062051"
Mongolia,"5,09","5,09","4,86","5,34","5,94","6,12","6,28","7,20","7,73","8,37","9,09","8,74","9,32","9,67","10,23","11,92","13,05","13,87","14,70","13,97","13,15","14,84","12,95","11,92","10,39","10,34","8,75","8,57","8,61","8,66","9,05","9,02","9,66","9,37","9,58","11,08","12,56","13,12","13,09","13,73","14,37","15,84","17,21","18,46","18,17","17,38","17,64","18,40","19,5340245762754"
Morocco,"6,84","6,88","7,71","9,14","10,10","10,83","11,87","13,10","14,02","15,18","15,64","15,76","16,47","17,32","17,49","18,21","18,70","19,16","20,17","21,80","22,39","23,49","25,17","25,88","28,06","29,19","28,86","30,36","31,09","32,72","33,44","36,86","38,12","37,94","41,75","44,37","45,47","46,14","49,01","48,90","51,98","56,21","58,47","58,09","59,66","61,53","63,63","66,63","68,3083769083652"
Mozambique,"3,18","3,20","2,94","3,13","2,96","2,56","2,60","2,53","2,22","2,10","2,53","2,23","2,07","1,90","1,61","1,60","1,56","1,56","1,57","1,55","1,18","1,00","1,18","1,37","1,17","1,28","1,24","1,37","1,32","1,32","1,60","1,93","2,02","2,56","2,82","2,70","2,86","3,27","3,18","3,45","3,68","4,16","4,03","4,38","5,38","6,59","9,21","9,59","9,88394698739137"
Myanmar/Burma,"4,76","4,79","4,67","3,70","4,28","4,19","4,49","4,80","4,96","5,16","5,47","5,40","5,58","5,41","5,93","6,25","6,65","5,03","4,73","4,84","4,86","4,67","4,90","5,40","6,34","7,60","7,95","7,96","8,51","9,29","10,05","8,81","8,77","10,90","10,57","11,18","10,44","10,86","8,24","7,67","8,53","8,73","12,25","14,65","21,02","25,18","30,83","31,55","32,6544707244652"
Namibia,"1,20","1,20","1,18","1,21","1,28","1,34","1,34","1,38","1,35","1,52","1,67","1,53","1,46","1,48","1,44","1,49","1,59","2,03","1,91","1,74","1,54","1,14","1,24","1,44","1,66","1,80","1,95","2,03","2,09","1,99","1,91","2,44","2,13","2,26","2,35","2,50","2,51","2,60","2,94","3,00","3,09","3,29","3,44","3,68","3,85","4,12","4,40","4,45","4,50846718573773"
Nepal,"0,27","0,28","0,36","0,50","0,49","0,41","0,35","0,40","0,38","0,55","0,61","0,53","0,60","0,82","0,88","0,67","0,88","0,94","0,94","0,75","1,07","1,31","1,37","1,52","1,85","2,01","2,13","2,36","2,50","3,29","3,38","3,62","2,95","3,36","2,93","3,30","2,73","2,81","3,11","4,10","4,81","5,38","6,19","6,16","7,18","6,54","9,57","9,95","10,3094239948687"
Netherlands,"135,02","135,42","150,90","157,24","149,12","140,89","151,63","149,35","154,14","163,53","155,91","155,00","144,70","140,14","146,27","150,54","152,86","157,13","157,19","160,39","161,28","167,69","165,83","169,94","170,50","177,36","187,75","179,90","180,62","175,82","176,54","181,16","181,69","183,93","186,39","181,43","177,03","178,19","179,38","174,43","185,52","173,75","170,31","169,11","161,76","169,00","170,32","165,92","162,291998487921"
New Caledonia,"1,23","1,23","1,29","1,44","1,76","1,53","1,47","1,58","1,59","1,79","1,86","1,92","1,22","1,22","1,25","1,70","1,59","1,76","1,69","1,73","1,62","1,78","1,72","1,65","1,22","1,24","1,40","1,31","1,42","1,51","1,88","1,91","2,11","2,14","2,56","2,45","2,69","2,92","3,50","3,29","4,95","6,20","6,51","5,78","5,33","5,03","6,64","6,92","7,33708320069849"
New Zealand,"14,01","13,82","15,95","17,07","18,03","16,91","18,63","19,59","19,73","17,97","18,03","17,83","19,54","19,75","20,20","20,72","19,76","21,00","22,26","22,34","23,89","24,54","26,27","26,08","26,44","27,14","28,48","30,93","30,42","32,16","33,31","35,25","35,37","36,27","35,90","36,69","36,80","35,95","36,78","33,93","33,99","33,30","35,12","35,25","36,16","35,85","35,20","37,35","36,4106811688718"
Nicaragua,"1,61","1,62","1,68","1,88","2,02","2,01","2,29","2,80","2,53","1,64","1,96","2,07","2,02","2,16","1,98","1,99","2,34","2,33","2,12","1,85","1,94","1,96","2,28","2,24","2,56","2,70","2,87","3,08","3,58","3,61","3,76","3,99","4,13","4,28","4,42","4,31","4,56","4,68","4,50","4,48","4,63","4,83","4,79","4,64","4,90","5,53","6,14","6,17","6,25116134308431"
Niger,"0,32","0,32","0,32","0,33","0,34","0,36","0,40","0,41","0,41","0,45","0,50","0,49","0,55","0,63","0,57","0,59","0,62","0,75","0,99","0,97","0,87","0,99","0,86","0,93","0,81","0,83","0,88","1,02","0,98","1,05","0,70","0,71","0,73","0,79","0,83","0,80","0,80","0,86","0,91","1,13","1,43","1,45","1,94","1,83","2,02","2,05","1,97","2,18","2,26619171928569"
Nigeria,"29,06","42,86","55,49","66,68","84,25","64,25","75,45","66,72","69,79","99,69","89,87","73,55","70,17","70,26","70,58","73,50","71,84","68,05","77,32","78,98","74,72","80,88","88,59","86,10","80,23","88,20","102,97","101,28","91,79","90,33","99,95","105,75","95,82","106,12","102,61","101,28","90,77","83,32","89,17","78,72","91,04","95,86","99,60","98,35","93,57","96,59","103,42","107,57","110,686263688667"
North Korea,"14,65","15,02","16,15","16,41","17,08","17,96","19,27","19,71","104,07","111,57","117,98","121,12","126,49","131,15","134,59","139,74","137,30","132,32","135,72","137,32","131,37","126,24","111,60","103,44","94,93","89,08","79,04","76,65","62,88","68,55","73,74","76,56","73,33","74,84","76,36","79,57","81,05","67,81","74,30","56,71","52,79","38,48","39,24","28,28","31,89","25,76","28,52","29,92","31,5908424305127"
North Macedonia,"9,11","8,55","8,73","10,16","10,48","8,31","9,03","9,43","9,38","10,66","9,57","10,03","8,85","8,28","9,38","9,84","10,11","10,09","10,64","10,66","11,20","9,91","8,79","9,03","8,75","8,70","10,24","9,23","10,13","9,36","9,05","9,23","8,70","9,46","9,22","9,71","9,72","10,38","10,17","9,13","9,17","10,24","9,61","8,74","8,26","7,94","7,74","8,18","8,07419276390667"
Norway,"36,79","35,53","38,65","39,24","37,73","37,11","39,16","40,19","38,87","41,69","40,01","36,56","33,14","33,03","35,01","35,90","38,31","37,03","38,08","37,17","37,32","34,73","37,41","39,49","41,50","41,67","42,03","44,42","46,15","47,79","42,83","43,33","42,73","45,51","45,92","44,17","44,78","45,81","46,19","44,76","46,75","45,37","44,68","44,02","44,47","45,82","45,49","49,83","50,4651512685083"
Oman,"7,33","7,33","7,34","7,37","7,74","25,84","28,77","28,72","23,74","21,42","12,89","14,41","12,56","14,29","12,23","9,52","11,30","10,98","12,23","12,14","15,58","18,99","18,11","17,16","16,05","18,77","19,85","20,47","19,93","22,43","25,32","28,45","30,41","32,05","31,62","33,13","42,24","45,62","44,95","48,09","52,59","60,84","66,23","69,60","73,83","78,80","79,71","81,30","85,2100171086134"
Pakistan,"21,16","22,21","22,48","23,31","24,61","27,39","27,08","28,61","30,97","33,50","35,87","38,31","43,18","45,19","47,76","52,89","47,42","55,13","59,37","61,40","64,31","65,53","72,47","80,19","82,58","88,87","92,53","96,03","97,48","106,68","107,82","110,52","111,03","114,82","128,23","130,35","141,78","157,55","153,19","155,65","150,50","152,06","152,39","154,27","162,82","168,18","175,42","189,31","196,180591783887"
Palau,"1,99","1,99","1,99","1,99","1,99","1,99","1,99","1,99","1,99","1,99","1,99","2,02","2,01","2,09","2,31","1,87","2,04","2,13","2,04","2,13","2,15","2,14","1,95","2,00","2,99","2,35","2,21","2,52","2,28","2,42","2,12","2,36","1,44","1,72","1,52","1,73","1,70","1,38","1,40","2,17","2,11","2,37","3,60","1,82","1,27","1,20","1,21","1,24","1,27291581072227"
Panama,"2,59","2,60","2,81","3,15","3,19","3,25","3,25","3,22","3,06","3,32","3,20","2,79","3,15","3,57","2,97","2,83","2,93","3,24","2,49","2,60","2,74","3,15","3,76","3,84","4,09","4,39","4,43","4,65","5,73","5,02","5,21","6,22","5,43","5,54","5,64","7,20","7,59","7,33","7,24","8,67","9,44","10,21","10,66","10,77","11,44","11,53","11,21","11,27","11,7473481908793"
Papua New Guinea,"1,48","1,48","1,47","1,65","2,04","1,78","1,62","1,81","1,68","1,93","1,88","2,08","1,91","2,07","2,05","2,45","2,17","2,33","2,15","2,10","2,31","2,22","2,26","2,25","1,58","1,81","1,91","1,91","2,68","2,00","2,26","2,41","3,00","3,31","3,67","4,38","4,43","3,85","3,74","3,11","3,08","3,67","4,92","6,03","4,16","3,70","3,79","3,82","3,92047834061813"
Paraguay,"0,68","0,70","0,75","0,83","0,80","0,86","0,95","1,33","1,59","1,53","1,56","1,51","1,50","1,46","1,60","1,60","1,71","1,89","2,13","2,13","2,26","2,22","2,65","3,00","3,49","3,95","3,90","4,31","4,52","4,53","3,76","3,90","4,08","4,23","4,26","3,94","4,11","4,24","4,53","4,61","5,18","5,36","5,62","5,54","5,80","6,35","7,20","7,28","7,52784099944072"
Peru,"18,32","18,11","18,13","19,25","20,94","21,05","21,59","21,34","21,29","22,09","23,04","23,67","23,20","19,78","20,44","19,74","21,44","23,21","23,47","21,21","21,04","20,44","21,24","22,21","22,79","25,78","28,30","28,33","27,23","29,28","28,93","26,83","27,97","27,46","31,63","31,64","31,25","34,17","38,75","41,63","45,11","48,24","48,68","49,51","52,70","53,70","57,97","54,38","57,3828273991943"
Philippines,"25,65","25,94","26,98","30,98","29,53","32,57","32,75","36,13","37,89","40,93","37,44","35,42","35,88","38,06","33,10","31,71","29,79","36,60","38,64","40,43","43,70","43,92","47,54","51,20","55,66","66,95","70,22","78,80","77,49","75,69","76,48","74,05","75,59","77,47","78,43","81,78","73,59","79,40","80,63","81,17","87,73","87,64","92,66","102,41","110,97","119,26","129,18","143,42","147,855766723414"
Poland,"310,42","318,89","332,07","349,71","362,52","377,41","402,34","416,52","443,62","444,44","455,47","418,57","425,63","428,25","444,04","453,00","460,55","475,68","465,16","444,91","371,39","368,96","359,61","359,57","353,56","355,81","370,31","361,49","333,71","324,47","312,38","309,20","302,46","314,91","317,30","316,58","330,25","329,73","324,09","310,54","328,39","325,97","318,11","313,63","301,58","304,54","317,05","327,44","333,861931242012"
Portugal,"15,96","17,48","17,99","19,68","19,93","21,68","23,07","22,98","24,10","26,86","28,45","29,99","30,41","30,99","29,84","28,57","32,09","33,04","34,18","42,41","43,68","45,50","49,29","48,20","49,76","53,27","51,30","53,69","58,31","64,95","64,51","63,96","68,08","63,11","64,76","68,09","63,19","61,54","59,61","58,72","53,53","51,85","50,18","48,68","48,24","52,36","51,82","56,52","52,6120422055328"
Puerto Rico,"1,77","1,87","1,95","1,95","1,92","1,77","1,75","1,66","1,66","1,50","1,45","1,41","1,31","1,28","1,38","1,31","1,31","1,42","1,40","2,19","2,06","2,07","1,85","1,83","2,09","1,89","2,08","2,13","2,11","2,19","2,19","2,16","2,15","2,38","2,28","2,27","2,29","2,27","2,35","2,15","1,84","1,80","2,56","2,64","2,73","2,79","2,98","2,95","3,17584552449241"
Qatar,"14,72","18,31","22,04","24,69","20,83","19,94","18,66","16,71","18,82","17,62","14,58","11,85","12,66","11,36","16,37","15,47","16,25","16,42","16,77","17,52","17,00","18,05","19,00","19,49","20,52","21,00","22,81","27,93","29,51","32,25","31,74","32,30","36,18","38,25","41,10","43,17","48,44","53,85","58,46","62,57","69,60","76,41","82,49","90,91","96,54","97,83","99,66","103,81","102,907217560269"
Réunion,"0,39","0,40","0,40","0,41","0,43","0,45","0,45","0,46","0,44","0,50","0,54","0,51","0,49","0,60","0,64","0,67","0,72","0,96","1,04","1,06","1,01","1,29","1,21","1,50","1,56","1,55","1,58","1,74","1,95","2,01","2,02","2,16","2,12","2,24","2,37","2,37","2,42","2,58","2,72","2,91","2,96","3,44","3,62","2,47","2,54","2,68","2,75","2,90","2,98016561103374"
Romania,"130,17","130,84","135,38","147,47","148,92","160,78","175,50","183,61","198,76","203,80","201,41","202,15","201,06","203,03","200,72","199,69","205,67","213,01","217,20","212,27","187,18","152,21","136,98","128,09","125,08","131,11","134,78","123,67","108,49","92,68","96,93","102,80","102,60","108,28","106,08","104,51","108,72","106,20","104,41","85,14","82,58","88,90","86,67","78,65","78,35","79,24","77,88","81,08","80,1721060625642"
Russia,"1314,17","1315,62","1379,09","1457,19","1529,02","1635,48","1690,02","1727,38","1833,38","1855,23","1907,14","1902,32","1936,97","1958,10","1977,15","2003,87","2061,40","2110,35","2158,36","2163,77","2355,39","2318,77","2137,26","1944,13","1715,84","1674,62","1634,76","1525,84","1521,10","1567,90","1599,77","1604,55","1587,71","1634,10","1639,77","1623,00","1675,57","1673,16","1677,68","1564,98","1664,67","1748,02","1758,26","1708,42","1693,06","1694,50","1687,27","1688,41","1748,34977058915"
Rwanda,"0,08","0,08","0,08","0,09","0,09","0,10","0,10","0,10","0,10","0,11","0,12","0,25","0,24","0,29","0,42","0,49","0,48","0,67","0,64","0,59","0,53","0,61","0,60","0,55","0,53","0,55","0,56","0,60","0,55","0,58","0,62","0,64","0,64","0,67","0,69","0,75","0,75","0,67","0,74","0,77","0,79","0,92","0,96","0,87","0,92","0,95","1,08","1,10","1,11773177990791"
"Saint Helena, Ascension and Tristan da Cunha","0,00","0,00","0,00","0,00","0,00","0,00","0,00","0,00","0,00","0,00","0,00","0,00","0,00","0,00","0,00","0,00","0,00","0,00","0,01","0,01","0,01","0,01","0,01","0,01","0,01","0,01","0,00","0,00","0,00","0,00","0,01","0,01","0,01","0,01","0,01","0,01","0,01","0,01","0,01","0,01","0,01","0,01","0,01","0,01","0,01","0,01","0,02","0,02","0,017754481836117"
Saint Kitts and Nevis,"0,02","0,02","0,02","0,02","0,02","0,02","0,02","0,02","0,02","0,02","0,02","0,02","0,02","0,02","0,02","0,02","0,03","0,03","0,04","0,03","0,03","0,04","0,04","0,04","0,04","0,04","0,04","0,04","0,04","0,04","0,04","0,04","0,03","0,07","0,07","0,06","0,09","0,13","0,13","0,13","0,14","0,14","0,25","0,25","0,23","0,24","0,24","0,24","0,244047444052276"
Saint Lucia,"0,04","0,04","0,05","0,05","0,04","0,05","0,05","0,05","0,05","0,05","0,05","0,03","0,05","0,03","0,03","0,06","0,07","0,08","0,08","0,08","0,08","0,08","0,12","0,08","0,11","0,11","0,12","0,11","0,11","0,11","0,17","0,17","0,17","0,21","0,18","0,16","0,15","0,19","0,19","0,20","0,21","0,21","0,37","0,38","0,35","0,36","0,37","0,37","0,373795655727593"
Saint Pierre and Miquelon,"0,04","0,04","0,05","0,05","0,04","0,05","0,05","0,05","0,05","0,05","0,05","0,05","0,05","0,05","0,06","0,06","0,07","0,11","0,11","0,15","0,15","0,12","0,12","0,08","0,07","0,04","0,04","0,03","0,03","0,04","0,03","0,03","0,03","0,03","0,04","0,03","0,03","0,03","0,03","0,03","0,04","0,04","0,06","0,06","0,08","0,08","0,08","0,08","0,079222482886212"
Saint Vincent and the Grenadines,"0,01","0,01","0,01","0,02","0,01","0,02","0,01","0,02","0,02","0,02","0,02","0,01","0,02","0,02","0,02","0,02","0,02","0,02","0,03","0,04","0,04","0,04","0,04","0,04","0,08","0,07","0,08","0,07","0,07","0,07","0,07","0,07","0,10","0,10","0,11","0,09","0,09","0,10","0,10","0,10","0,11","0,11","0,19","0,19","0,17","0,18","0,18","0,18","0,183724701163168"
Samoa,"0,05","0,05","0,05","0,06","0,07","0,06","0,06","0,06","0,06","0,07","0,07","0,07","0,14","0,14","0,12","0,13","0,12","0,13","0,13","0,13","0,13","0,13","0,13","0,13","0,09","0,10","0,10","0,10","0,11","0,10","0,11","0,12","0,11","0,11","0,12","0,12","0,11","0,10","0,11","0,11","0,12","0,15","0,21","0,19","0,13","0,13","0,13","0,13","0,133173415001944"
São Tomé and Príncipe,"0,02","0,02","0,02","0,02","0,02","0,02","0,02","0,02","0,02","0,02","0,02","0,02","0,02","0,02","0,02","0,02","0,02","0,03","0,03","0,03","0,05","0,06","0,05","0,05","0,05","0,05","0,05","0,06","0,05","0,05","0,05","0,05","0,05","0,06","0,06","0,06","0,11","0,06","0,12","0,13","0,13","0,16","0,16","0,13","0,14","0,14","0,15","0,15","0,150300000067797"
Saudi Arabia,"47,02","58,15","75,90","103,21","108,47","88,98","110,63","119,36","127,36","151,61","187,53","174,01","178,07","177,08","132,90","134,98","134,67","145,95","158,48","159,87","172,85","177,10","190,12","199,89","217,16","215,66","229,00","231,67","245,80","251,31","264,17","274,41","291,56","304,65","321,96","339,63","359,86","379,69","413,26","436,74","478,23","499,32","533,83","545,93","582,72","608,80","617,56","631,74","624,987436379932"
Senegal,"1,37","1,37","1,45","1,56","1,67","1,82","1,91","2,03","1,98","2,19","2,27","2,24","2,15","2,14","2,29","2,37","2,27","2,28","2,20","2,31","2,40","2,41","2,65","2,58","2,64","2,80","3,01","3,31","3,71","4,09","4,03","4,55","4,73","4,59","5,23","5,80","5,67","6,26","6,47","6,63","7,05","7,55","7,43","7,86","7,98","8,38","9,38","10,37","10,7002130467585"
Serbia and Montenegro,"24,81","24,94","25,49","27,90","29,55","31,13","33,00","34,87","37,79","40,21","40,03","47,25","49,49","54,28","56,34","59,34","62,08","59,53","62,48","62,56","66,39","55,59","51,27","45,04","41,53","46,89","54,82","59,72","59,65","42,43","50,81","54,62","58,19","61,91","66,57","61,50","63,89","62,29","61,71","57,83","59,85","64,31","57,04","57,91","49,23","57,07","58,44","59,10","58,9731998013299"
Seychelles,"0,11","0,11","0,11","0,11","0,12","0,12","0,12","0,13","0,13","0,14","0,16","0,14","0,09","0,18","0,18","0,19","0,20","0,32","0,36","0,38","0,29","0,40","0,35","0,35","0,35","0,37","0,38","0,46","0,41","0,42","0,41","0,42","0,62","0,66","0,68","0,68","0,90","0,79","0,92","1,03","0,93","1,09","1,14","0,87","0,86","0,89","0,90","0,95","0,980061035090797"
Sierra Leone,"0,42","0,42","0,41","0,42","0,45","0,47","0,47","0,48","0,47","0,53","0,58","0,54","0,51","0,54","0,51","0,58","0,67","0,91","0,92","0,83","0,74","0,93","0,58","0,58","0,58","0,65","0,73","0,73","0,67","0,69","0,73","0,80","0,81","0,86","1,06","0,49","0,68","0,60","0,61","0,69","0,73","0,84","0,88","1,13","1,16","1,21","1,26","1,40","1,44791461259654"
Singapore,"6,61","6,63","7,93","8,84","9,23","9,28","10,09","11,19","12,81","13,77","13,82","14,97","15,63","16,96","17,18","18,85","19,11","19,46","22,07","23,46","31,61","33,34","34,19","39,43","41,55","41,25","42,39","42,15","40,60","41,09","45,27","45,12","44,72","42,18","44,18","42,94","43,96","45,33","45,63","46,84","51,00","53,70","53,13","53,63","52,24","51,34","52,43","55,52","55,911762899207"
Slovakia,"38,45","38,42","39,15","40,67","41,49","42,90","43,70","45,41","57,38","58,41","62,23","60,79","58,89","58,61","60,75","60,48","57,65","59,60","60,50","60,12","60,55","52,48","49,06","47,60","45,05","45,52","45,73","45,79","44,79","44,36","42,35","42,08","41,70","41,98","41,65","42,17","41,59","40,86","40,79","36,93","39,63","37,89","36,40","36,52","34,04","34,60","35,18","37,89","38,0880383760691"
Slovenia,"9,90","9,85","9,98","11,06","11,73","11,14","11,50","12,01","13,04","13,82","13,05","13,15","13,39","14,71","13,24","13,21","13,92","12,21","16,37","17,52","16,62","15,37","15,36","15,81","15,94","15,92","16,73","17,00","16,72","16,04","15,67","17,53","17,83","17,70","18,05","18,30","18,65","18,62","19,58","17,60","17,89","16,79","16,30","15,76","14,36","14,36","15,38","15,46","15,5502991478867"
Solomon Islands,"0,05","0,05","0,05","0,06","0,07","0,06","0,06","0,06","0,06","0,07","0,07","0,15","0,14","0,15","0,12","0,14","0,12","0,13","0,14","0,13","0,13","0,13","0,14","0,13","0,10","0,10","0,10","0,10","0,11","0,11","0,17","0,18","0,17","0,16","0,18","0,19","0,17","0,16","0,18","0,17","0,18","0,23","0,33","0,20","0,13","0,13","0,13","0,13","0,133047917832186"
Somalia,"0,64","0,64","0,63","0,64","0,68","0,72","0,72","0,74","0,73","0,82","0,90","0,92","0,88","0,85","0,87","0,90","1,05","0,99","0,91","0,83","0,69","0,48","0,43","0,42","0,43","0,44","0,45","0,49","0,43","0,45","0,54","0,55","0,54","0,58","0,60","0,76","0,82","0,76","0,77","0,74","0,83","0,97","1,01","0,83","0,84","0,86","0,87","0,92","0,943472740593685"
South Africa,"185,17","184,09","190,75","207,90","214,62","230,51","244,91","244,60","222,50","227,93","242,06","255,66","262,10","264,29","281,74","286,41","284,09","300,16","303,74","300,50","312,46","304,33","297,84","299,58","306,50","322,96","334,21","349,12","355,28","338,56","345,23","355,04","368,41","391,63","422,71","433,19","437,33","456,20","485,88","454,47","464,87","445,79","461,58","472,98","484,16","477,51","482,89","472,47","477,248065093862"
South Korea,"62,58","63,27","65,20","80,26","84,38","91,40","102,19","116,22","122,58","138,96","141,38","147,88","147,64","160,59","180,91","189,45","197,23","202,90","229,10","240,56","270,45","295,65","314,73","345,04","372,06","404,47","430,80","453,95","388,36","424,93","483,57","497,45","493,26","497,13","516,72","516,32","523,18","533,68","543,64","550,88","597,73","627,88","630,12","625,69","621,61","638,78","650,65","675,44","695,356739696059"
Spain and Andorra,"143,11","139,82","152,16","164,98","177,45","183,45","201,52","193,53","191,58","203,57","213,89","219,32","212,41","215,85","204,80","197,93","201,61","202,58","206,74","225,39","233,80","241,44","249,96","235,47","246,02","258,70","248,64","267,92","276,97","299,44","315,48","315,43","333,66","340,89","357,50","372,65","363,37","376,49","344,95","305,15","291,62","293,69","288,56","261,38","260,31","274,81","263,53","282,18","276,047389662605"
Sri Lanka,"3,10","3,15","3,77","3,93","3,38","2,98","3,04","3,27","3,86","4,17","4,16","4,30","4,89","4,99","4,36","3,96","3,92","4,50","4,33","4,11","4,19","4,37","5,46","5,33","6,13","6,17","8,73","8,70","8,98","9,90","11,34","11,25","11,77","12,74","13,18","14,42","12,93","14,18","13,46","12,92","13,68","16,12","17,62","15,25","18,31","21,41","23,24","24,84","23,8091815646489"
Sudan and South Sudan,"3,40","3,42","3,67","4,77","4,50","3,49","3,38","3,56","3,26","3,33","3,90","3,79","3,91","3,99","3,59","4,22","4,15","3,22","4,60","4,17","5,54","4,96","4,69","3,36","4,93","4,62","4,52","5,47","4,95","5,47","6,02","6,52","7,98","8,20","9,14","10,78","13,19","14,30","15,26","15,78","16,67","15,96","17,16","17,00","17,20","18,92","19,55","20,61","21,0925933772825"
Suriname,"0,76","0,76","0,83","0,93","0,78","0,93","0,85","0,92","0,97","0,92","0,90","0,91","0,76","0,54","0,51","0,66","0,70","0,63","0,70","0,79","0,91","0,91","0,87","0,83","0,82","0,86","0,84","0,84","0,82","0,81","1,49","1,52","1,11","1,23","1,39","1,69","1,53","1,41","1,45","1,45","1,72","1,82","2,05","2,02","2,04","2,12","2,16","2,17","2,249903429156"
Sweden,"96,46","89,27","89,44","91,47","84,37","85,95","92,74","89,18","83,85","86,73","79,37","71,97","65,92","60,28","59,73","63,66","65,28","63,38","61,50","58,68","58,12","58,90","61,11","60,86","63,16","62,99","68,45","62,37","63,45","62,12","58,39","58,36","59,75","60,46","58,92","55,89","55,34","52,99","51,06","47,34","53,35","49,12","45,98","44,02","44,09","44,18","44,98","45,14","44,5988767898614"
Switzerland and Liechtenstein,"41,45","43,41","44,09","47,70","42,90","40,48","42,20","42,68","43,84","42,52","43,29","40,92","38,72","42,82","42,32","45,53","45,44","43,88","43,93","43,76","44,96","47,28","47,22","44,88","43,94","44,74","45,28","44,00","45,46","45,72","44,90","46,34","44,71","46,01","46,54","47,16","46,73","44,78","46,16","44,78","46,47","42,35","43,66","44,63","40,76","40,22","41,36","42,17","40,9401121853709"
Syria,"6,32","6,37","6,14","5,84","7,93","9,29","10,66","11,72","12,01","15,29","14,32","16,10","19,09","22,55","25,28","22,79","23,77","30,18","29,62","28,58","32,88","36,03","35,74","36,73","38,68","40,26","43,29","43,12","45,85","44,99","45,67","45,87","45,41","45,58","47,59","58,48","61,92","64,80","66,56","62,42","62,13","56,17","44,77","32,90","30,41","29,35","28,67","30,02","28,9380443327594"
Taiwan,"36,11","36,34","40,87","45,48","44,55","48,17","57,01","61,28","69,42","73,38","80,71","74,28","73,55","78,35","80,33","79,65","92,20","97,33","112,90","122,20","124,23","133,33","141,62","151,60","160,30","169,14","178,46","192,16","202,49","210,82","229,63","234,64","243,46","253,32","262,34","269,63","276,78","280,22","268,75","254,60","271,52","271,24","262,89","264,23","265,43","264,84","273,65","283,98","284,550292742134"
Tajikistan,"7,55","7,59","7,99","8,37","8,75","9,45","9,71","9,96","10,22","10,48","10,96","10,99","11,02","11,16","11,05","11,53","11,95","12,14","12,36","12,47","12,27","11,71","8,69","5,82","3,62","3,08","2,74","3,03","3,26","3,07","2,80","2,76","2,82","2,88","3,42","3,26","3,57","4,13","3,79","3,11","3,13","3,14","3,77","3,33","4,93","5,38","5,62","5,64","5,92651908989343"
Tanzania,"1,57","1,58","1,84","1,92","1,76","1,65","1,59","1,63","1,70","1,79","1,77","1,79","1,63","1,60","1,67","1,76","1,86","1,89","1,97","1,99","2,10","2,22","2,06","2,17","2,15","2,95","3,48","3,26","2,84","2,66","3,09","3,28","3,74","3,95","5,29","5,87","6,11","5,99","6,15","5,95","7,14","8,88","11,02","11,30","11,48","12,90","12,36","13,04","13,4303282541086"
Thailand,"18,05","18,13","20,52","23,11","23,15","23,67","27,06","30,01","33,29","35,40","37,16","36,55","35,35","39,31","43,13","48,44","49,84","57,56","65,65","76,48","92,98","102,96","112,65","127,66","142,87","161,89","182,00","185,55","163,51","171,04","171,51","180,13","191,21","199,78","218,14","225,59","228,96","235,64","238,97","231,88","245,32","244,33","261,75","271,50","267,59","271,65","272,00","278,27","281,040780848459"
The Gambia,"0,08","0,08","0,08","0,08","0,08","0,09","0,09","0,09","0,09","0,10","0,11","0,10","0,09","0,10","0,09","0,10","0,10","0,19","0,18","0,17","0,15","0,18","0,16","0,16","0,16","0,16","0,17","0,18","0,16","0,17","0,21","0,22","0,21","0,23","0,23","0,23","0,29","0,37","0,38","0,40","0,47","0,48","0,50","0,48","0,48","0,51","0,52","0,58","0,598993150285599"
Timor-Leste,"0,10","0,10","0,10","0,11","0,14","0,12","0,11","0,12","0,12","0,13","0,14","0,15","0,14","0,14","0,12","0,13","0,12","0,13","0,13","0,13","0,13","0,13","0,13","0,13","0,09","0,10","0,10","0,10","0,17","0,27","0,34","0,24","0,21","0,21","0,45","0,27","0,31","0,37","0,26","0,26","0,25","0,32","0,42","0,47","0,31","0,29","0,28","0,29","0,289144653055074"
Togo,"0,35","0,38","0,42","0,37","0,35","0,40","0,36","0,47","0,51","0,56","0,52","0,51","0,57","0,42","0,46","0,44","0,65","0,70","0,69","0,70","0,77","0,71","0,54","0,42","0,76","0,75","1,14","0,86","1,06","1,37","1,27","1,14","1,21","1,45","1,39","1,33","1,24","1,23","1,60","2,73","2,54","2,33","2,22","2,33","2,37","2,43","2,58","2,86","2,94077285969111"
Tonga,"0,02","0,02","0,02","0,02","0,03","0,03","0,02","0,03","0,03","0,03","0,03","0,05","0,04","0,05","0,04","0,04","0,04","0,06","0,07","0,06","0,06","0,06","0,07","0,06","0,09","0,09","0,10","0,10","0,11","0,10","0,11","0,12","0,11","0,10","0,12","0,12","0,11","0,15","0,17","0,16","0,18","0,22","0,32","0,19","0,12","0,12","0,12","0,12","0,122500745309344"
Trinidad and Tobago,"6,35","6,31","6,42","6,68","6,51","5,90","6,82","7,60","8,02","8,01","8,66","9,20","10,40","11,00","11,49","11,63","11,62","11,96","12,82","12,80","12,66","12,89","13,27","12,59","13,60","13,49","14,73","15,09","16,74","17,78","18,54","20,94","22,94","26,46","28,49","31,03","35,86","35,58","37,55","34,49","38,72","38,70","33,56","35,53","37,05","36,36","35,94","35,98","35,9507031155157"
Tunisia,"4,24","4,26","4,79","4,83","5,32","5,41","5,78","6,51","7,22","8,53","9,40","9,72","9,44","10,97","11,42","11,81","12,16","12,30","13,10","14,13","14,77","15,18","16,13","16,77","16,92","17,27","17,81","18,39","19,18","20,18","21,20","22,01","21,79","21,56","22,79","23,39","24,16","24,95","25,50","25,51","27,93","26,55","28,00","27,81","29,39","30,15","30,09","31,84","32,9263124497904"
Turkey,"46,15","50,40","58,21","63,10","65,70","71,04","78,72","86,55","85,46","78,86","82,30","82,42","89,24","94,10","99,58","108,04","117,32","129,05","125,01","137,44","149,96","152,69","158,00","163,55","162,79","176,85","192,97","203,14","205,46","203,37","227,41","206,81","217,35","228,64","235,40","246,00","273,62","300,30","302,54","297,27","309,08","329,49","346,65","332,67","354,90","365,16","394,64","414,57","417,048571199413"
Turkmenistan,"17,34","17,38","18,47","19,51","20,62","22,51","23,77","24,72","25,72","26,77","28,66","29,92","31,23","32,54","34,11","36,02","37,22","38,49","39,58","40,58","45,63","38,72","28,56","27,15","34,24","34,69","31,59","31,39","32,66","38,58","39,35","40,90","43,74","48,84","51,30","52,99","54,93","60,58","61,93","54,58","61,60","66,80","70,13","71,38","72,58","74,58","74,63","77,52","84,1419787807236"
Turks and Caicos Islands,"0,00","0,00","0,00","0,00","0,00","0,00","0,00","0,00","0,01","0,00","0,00","0,01","0,00","0,00","0,01","0,01","0,01","0,01","0,01","0,01","0,01","0,01","0,01","0,01","0,01","0,01","0,01","0,01","0,01","0,01","0,01","0,01","0,01","0,01","0,01","0,01","0,01","0,03","0,06","0,07","0,11","0,11","0,18","0,19","0,17","0,17","0,17","0,17","0,170001947353784"
Uganda,"0,51","0,51","0,49","0,50","0,52","0,52","0,51","0,51","0,48","0,53","0,57","0,39","0,42","0,43","0,41","0,42","0,50","0,56","0,77","0,66","0,64","0,81","0,79","0,79","0,79","0,84","0,91","1,03","1,08","1,13","1,17","1,33","1,35","1,53","1,60","1,68","1,89","2,16","3,71","3,53","3,77","4,33","4,55","4,48","4,57","4,69","5,06","5,38","5,49157621763813"
Ukraine,"505,85","505,66","533,65","572,74","600,94","612,52","659,16","663,92","741,19","755,04","774,48","743,33","750,20","761,78","767,11","768,15","798,14","836,64","842,21","841,88","783,23","739,12","648,77","566,08","468,50","461,64","394,86","379,69","362,30","361,49","358,13","357,23","357,75","380,82","361,65","354,46","355,26","361,39","346,97","288,08","308,86","325,68","316,99","305,72","264,17","213,27","223,30","195,48","196,839051471188"
United Arab Emirates,"19,44","25,40","27,72","35,81","35,97","36,64","45,54","45,83","52,58","37,85","41,12","38,05","38,07","36,81","50,01","51,83","50,26","52,10","51,03","56,97","56,92","64,74","62,54","65,94","72,60","77,45","80,92","84,39","86,52","89,17","88,38","101,06","103,44","108,76","114,98","122,40","127,23","137,06","164,34","165,29","171,86","176,25","185,69","195,93","198,08","202,35","209,16","208,09","214,108388615354"
United Kingdom,"682,05","673,23","651,56","682,90","639,34","618,40","624,01","633,96","631,85","664,19","607,15","587,38","573,90","565,62","549,54","576,89","590,91","596,64","597,19","582,79","584,22","592,26","578,77","563,04","556,83","547,72","567,03","543,38","546,19","542,15","549,20","562,23","546,91","559,96","560,01","558,48","558,97","549,23","534,60","483,26","500,56","460,94","484,45","468,97","430,00","413,02","390,45","379,38","371,969846755614"
United States,"4688,52","4559,41","4807,03","4994,59","4827,42","4612,55","4907,27","5071,37","5066,24","5105,07","4877,37","4807,96","4562,17","4541,55","4751,81","4777,18","4736,60","4893,13","5114,12","5171,36","5063,86","5022,25","5103,48","5222,51","5305,73","5357,61","5505,14","5678,97","5692,99","5712,26","5915,63","5858,22","5778,72","5854,52","5937,55","5946,61","5841,17","5919,49","5730,58","5314,84","5555,44","5425,11","5244,13","5316,46","5389,26","5225,39","5161,07","5128,44","5275,47784528208"
Uruguay,"5,42","5,41","5,87","5,54","5,37","5,70","5,88","5,79","5,90","6,39","5,73","5,17","4,78","3,83","3,45","3,23","3,18","3,58","4,55","4,90","3,89","4,42","4,84","4,59","4,31","4,72","5,52","5,60","5,81","6,82","5,45","5,02","4,62","4,59","5,71","5,50","6,43","5,94","7,82","7,98","6,38","7,68","8,68","7,53","6,68","6,74","6,65","6,70","6,93472349677437"
Uzbekistan,"49,01","49,35","52,19","55,20","58,68","65,30","66,45","69,21","71,72","74,30","79,47","83,15","86,60","89,58","92,64","97,03","100,94","104,57","107,57","109,08","123,38","126,64","119,22","119,85","113,87","101,80","103,17","105,06","119,57","120,74","121,17","123,24","128,61","123,58","120,95","116,38","119,45","119,73","119,76","108,44","107,45","115,94","117,68","105,57","107,05","104,91","101,72","104,08","101,897314616986"
Vanuatu,"0,10","0,10","0,10","0,11","0,14","0,12","0,11","0,12","0,12","0,13","0,14","0,15","0,14","0,07","0,12","0,13","0,12","0,13","0,13","0,13","0,13","0,07","0,06","0,06","0,04","0,05","0,05","0,05","0,05","0,05","0,06","0,06","0,06","0,05","0,06","0,06","0,06","0,11","0,06","0,11","0,12","0,15","0,21","0,13","0,08","0,08","0,08","0,08","0,082480616066344"
Venezuela,"57,31","55,95","56,88","64,87","63,92","60,80","65,04","67,28","72,24","82,06","89,78","90,77","91,52","90,47","91,24","91,74","92,55","92,27","93,50","99,59","102,46","101,05","103,39","110,15","110,57","119,72","127,88","133,66","135,40","124,86","132,59","139,59","136,73","136,82","144,26","152,48","149,46","147,20","177,59","178,71","189,01","170,84","190,16","178,56","177,39","158,54","145,80","133,13","120,210670798554"
Vietnam,"13,41","13,34","14,36","14,54","9,83","9,89","6,05","6,70","14,68","15,41","16,11","16,53","17,88","19,23","19,31","19,43","21,31","23,80","23,25","19,93","20,19","20,16","21,22","24,89","29,13","33,64","37,82","43,83","48,95","50,23","55,53","61,26","72,13","76,61","90,60","99,24","101,99","112,87","124,33","138,73","154,68","154,56","153,24","159,43","174,94","202,77","242,07","242,46","271,474095716949"
Western Sahara,"0,07","0,07","0,07","0,07","0,08","0,08","0,08","0,09","0,08","0,09","0,10","0,09","0,14","0,14","0,13","0,14","0,15","0,19","0,18","0,16","0,14","0,17","0,15","0,15","0,15","0,16","0,16","0,17","0,15","0,16","0,21","0,21","0,21","0,22","0,23","0,23","0,23","0,24","0,25","0,26","0,27","0,31","0,33","0,27","0,24","0,25","0,26","0,27","0,283864118734836"
Yemen,"1,50","1,51","1,79","2,21","2,20","2,10","2,56","2,60","2,86","3,07","3,92","3,94","4,43","4,88","4,99","5,33","5,63","6,18","6,66","6,87","6,89","8,68","9,37","8,45","9,79","10,92","11,18","12,05","12,84","14,50","15,50","16,52","16,57","19,29","20,20","21,78","22,71","25,38","25,99","29,02","27,18","22,85","21,52","28,35","26,91","14,29","11,41","11,54","11,7679906828561"
Zambia,"3,67","3,83","4,23","4,54","4,56","4,73","4,73","4,27","4,09","3,70","3,68","3,37","3,28","3,20","3,15","3,14","3,23","3,19","3,47","3,59","2,95","3,07","3,07","2,75","2,35","2,32","1,95","2,53","2,34","1,92","1,95","1,97","2,06","2,23","2,30","2,46","2,38","1,75","1,87","2,04","2,24","2,55","3,58","3,80","4,28","4,44","4,70","5,05","5,16627972493533"
Zimbabwe,"9,65","9,60","9,15","10,59","10,28","9,07","10,04","9,07","8,73","9,00","9,62","9,20","8,83","8,76","9,22","10,66","12,23","15,62","15,10","15,31","17,18","18,92","19,03","17,45","16,34","16,11","15,51","14,56","14,77","16,66","14,50","14,67","13,29","10,87","10,33","11,39","10,58","10,41","8,05","7,76","10,00","11,98","12,48","12,69","12,57","12,78","11,47","12,81","13,0446408832833"
International Aviation,"169,21","169,21","179,17","187,17","179,73","173,87","174,32","190,08","197,02","203,78","202,13","201,93","208,80","210,81","218,47","224,90","246,89","260,80","275,83","290,03","258,94","251,61","259,92","264,94","279,33","290,34","301,96","318,05","329,20","342,65","355,82","348,01","368,89","367,94","397,12","422,78","437,75","450,80","456,29","435,07","457,66","473,30","480,05","490,18","504,49","529,69","553,08","559,25","564,612451724685"
International Shipping,"353,84","353,84","370,89","392,00","366,08","341,22","352,02","351,72","354,26","365,43","357,49","332,48","299,58","280,24","284,02","306,89","326,04","322,50","337,89","337,68","371,80","386,63","415,25","402,47","415,19","428,72","438,23","448,72","462,24","486,16","498,58","474,01","491,83","502,20","551,31","572,17","608,95","645,21","647,67","616,17","663,23","667,69","605,09","611,21","628,00","657,32","677,04","683,81","697,490441794576"
,,,,,,,,,,,,,,,,,,,,,,,,,,,,,,,,,,,,,,,,,,,,,,,,,
EU28,"4198,20","4196,39","4318,78","4537,78","4438,21","4327,98","4584,73","4579,14","4713,59","4893,97","4754,26","4558,50","4445,78","4415,39","4428,97","4471,94","4493,49","4541,10","4535,33","4533,94","4408,53","4359,23","4203,64","4120,35","4103,65","4150,80","4264,27","4171,19","4163,57","4099,60","4121,66","4186,51","4162,11","4268,67","4274,58","4250,76","4267,47","4221,20","4125,02","3794,97","3922,47","3768,47","3723,42","3631,69","3450,94","3492,04","3480,15","3524,98","3457,28497274631"
GLOBAL TOTAL,"15775,86","15705,23","16498,50","17477,74","17424,39","17357,68","18352,22","18896,34","19590,81","20129,97","19892,27","19508,43","19276,07","19410,47","20020,17","20281,81","20622,77","21283,75","22049,63","22442,16","22637,13","22754,43","22684,69","22783,59","23004,26","23655,98","24122,47","24457,99","24545,07","24743,09","25600,66","25896,65","26343,21","27570,07","28875,31","29911,66","30956,07","32180,79","32353,19","31959,89","33836,35","34917,41","35359,59","35971,37","36328,31","36311,98","36753,96","37179,65","37887,2241305561"
